last_name, first_name,player_id,year,player_age,ab,pa,hit,single,double,triple,home_run,strikeout,walk,k_percent,bb_percent,batting_avg,slg_percent,on_base_percent,on_base_plus_slg,isolated_power,babip,b_rbi,b_lob,b_total_bases,r_total_caught_stealing,r_total_stolen_base,b_ab_scoring,b_ball,b_called_strike,b_catcher_interf,b_foul,b_foul_tip,b_game,b_gnd_into_dp,b_gnd_into_tp,b_gnd_rule_double,b_hit_by_pitch,b_hit_ground,b_hit_fly,b_hit_into_play,b_hit_line_drive,b_hit_popup,b_out_fly,b_out_ground,b_out_line_drive,b_out_popup,b_intent_ball,b_intent_walk,b_interference,b_pinch_hit,b_pinch_run,b_pitchout,b_played_dh,b_sac_bunt,b_sac_fly,b_swinging_strike,r_caught_stealing_2b,r_caught_stealing_3b,r_caught_stealing_home,r_defensive_indiff,r_interference,r_pickoff_1b,r_pickoff_2b,r_pickoff_3b,r_run,r_stolen_base_2b,r_stolen_base_3b,r_stolen_base_home,b_total_ball,b_total_sacrifices,b_total_strike,b_total_swinging_strike,b_total_pitches,r_stolen_base_pct,r_total_pickoff,b_reached_on_error,b_walkoff,b_reached_on_int,xba,xslg,woba,xwoba,xobp,xiso,wobacon,xwobacon,bacon,xbacon,xbadiff,xslgdiff,wobadiff,exit_velocity_avg,launch_angle_avg,sweet_spot_percent,barrel,barrel_batted_rate,solidcontact_percent,flareburner_percent,poorlyunder_percent,poorlytopped_percent,poorlyweak_percent,hard_hit_percent,avg_best_speed,avg_hyper_speed,z_swing_percent,z_swing_miss_percent,oz_swing_percent,oz_swing_miss_percent,oz_contact_percent,out_zone_swing_miss,out_zone_swing,out_zone_percent,out_zone,meatball_swing_percent,meatball_percent,pitch_count_offspeed,pitch_count_fastball,pitch_count_breaking,pitch_count,iz_contact_percent,in_zone_swing_miss,in_zone_swing,in_zone_percent,in_zone,edge_percent,whiff_percent,swing_percent,pull_percent,straightaway_percent,opposite_percent,batted_ball,f_strike_percent,groundballs_percent,groundballs,flyballs_percent,flyballs,linedrives_percent,linedrives,popups_percent,popups,pop_2b_sba_count,pop_2b_sba,pop_2b_sb,pop_2b_cs,pop_3b_sba_count,pop_3b_sba,pop_3b_sb,pop_3b_cs,exchange_2b_3b_sba,maxeff_arm_2b_3b_sba,n_outs_above_average,n_fieldout_5stars,n_opp_5stars,n_5star_percent,n_fieldout_4stars,n_opp_4stars,n_4star_percent,n_fieldout_3stars,n_opp_3stars,n_3star_percent,n_fieldout_2stars,n_opp_2stars,n_2star_percent,n_fieldout_1stars,n_opp_1stars,n_1star_percent,rel_league_reaction_distance,rel_league_burst_distance,rel_league_routing_distance,rel_league_bootup_distance,f_bootup_distance,n_bolts,hp_to_1b,sprint_speed,
Abreu, Jose,547989,2023,36,334,364,79,57,15,0,7,83,22,22.8,6,.237,.344,.286,0.630,0.107,.289,45,162,115,1,0,84,433,250,0,278,15,87,11,0,0,3,31,9,256,39,0,43,82,30,19,0,1,0,3,0,0,6,0,5,162,0,1,0,0,0,0,1,0,29,0,0,0,461,5,973,162,1434,,1,3,0,0,.241,.368,.276,.293,.296,.127,.326,.351,.309,.324,-0.004,-0.024,-0.017,89.5,10.2,34,17,6.6,5.5,23.4,25.4,36.3,2.3,41.8,100.891018516,6.657857412,65.6,15.6,36.3,43.9,56.1,118,269,51.7,742,72.7,6.9,107,835,408,1434,84.4,71,454,48.3,692,42.8,26.1,50.4,31.6,42.2,26.2,256,62.8,44.1,113,20.3,52,28.1,72,7.4,19,,,,,,,,,,,,,,,,,,,,,,,,,,,,,,,,,4.75,25.5,
Ruiz, Keibert,660688,2023,24,283,305,64,44,11,0,9,28,16,9.2,5.2,.226,.360,.279,0.639,0.134,.223,31,113,102,0,0,63,295,147,0,176,7,73,11,0,1,5,17,13,256,34,0,56,82,31,23,0,0,0,0,0,0,3,0,1,57,0,0,0,0,0,0,0,0,24,0,0,0,326,1,652,57,978,,0,2,0,0,.280,.456,.281,.340,.328,.177,.277,.347,.250,.309,-0.054,-0.096,-0.059,88.7,15.1,39.5,20,7.8,4.7,26.2,28.9,30.1,2.3,35.9,98.102268672,5.172212148,69.4,7.2,34.4,28.7,71.3,49,171,50.8,497,76.5,7,155,470,318,978,92.8,24,334,49.2,481,42.2,14.5,51.6,40.2,39.1,20.7,256,59.3,38.7,99,27,69,25.4,65,9,23,34,2.05,2.05,2.05,5,1.56,1.56,1.56,0.68,77.1,,,,,,,,,,,,,,,,,,,,,,,4.87,24.8,
Baez, Javier,595879,2023,30,334,355,75,55,11,3,6,81,13,22.8,3.7,.225,.329,.260,0.589,0.104,.276,44,148,110,0,6,83,353,166,1,232,12,85,8,0,1,4,24,12,257,39,0,51,101,15,13,0,0,0,0,0,0,3,0,3,205,0,0,0,0,0,0,0,0,35,5,1,0,382,3,883,205,1265,,0,3,0,1,.232,.340,.258,.269,.269,.108,.310,.325,.293,.306,-0.007,-0.011,-0.011,88,9.4,28.1,9,3.5,7.4,22.3,23.4,40.2,3.1,39.8,100.060562344,6.097142266,70.3,20.4,46,45.5,54.5,148,325,55.9,707,64.6,6.2,164,640,408,1265,79.3,80,392,44.1,558,39.8,31.8,56.7,35.5,39.8,24.6,256,66.5,48.8,125,24.6,63,21.5,55,5.1,13,,,,,,,,,,,,,,,,,,,,,,,,,,,,,,,,,4.4,28.1,
Garcia, Adolis,666969,2023,30,348,393,91,48,20,0,23,98,36,24.9,9.2,.261,.517,.331,0.848,0.256,.292,75,175,180,0,6,104,521,231,0,273,12,90,7,0,1,3,22,29,256,40,0,65,72,13,14,0,0,0,0,0,0,6,0,6,190,0,0,0,0,0,0,0,0,69,6,0,0,566,6,974,190,1540,,0,3,0,0,.264,.542,.359,.375,.336,.278,.445,.470,.355,.364,-0.003,-0.025,-0.016,92.2,15.6,36.3,42,16.4,9.4,19.5,25.4,28.1,1.2,50,102.660428359,8.015408398,70.8,21.3,28,45.8,54.2,104,227,52.7,811,81.8,8.9,125,909,412,1540,78.7,110,516,47.3,729,40.3,28.8,48.2,37.1,37.5,25.4,256,57.5,36.7,94,36.7,94,21.1,54,5.5,14,,,,,,,,,,,1,0,14,0.0,3,9,33.3,7,11,63.6,14,17,82.4,17,17,100.0,0.8,1,-0.2,1.6,35.1,1,4.45,27.1,
Steer, Spencer,668715,2023,25,325,376,90,55,19,2,14,71,42,18.9,11.2,.277,.477,.367,0.844,0.200,.313,51,131,155,2,9,82,538,292,0,242,14,88,4,0,1,6,24,24,257,41,1,59,64,16,26,0,0,0,0,0,0,5,0,3,126,1,1,0,0,0,1,0,0,45,8,1,0,579,3,937,126,1516,,1,2,1,0,.246,.418,.366,.336,.343,.172,.404,.360,.350,.314,.031,.059,.030,90.1,18.8,35.4,17,6.6,8.2,24.1,33.5,24.9,1.6,40.5,99.966170551,6.22008122,62.8,17,21.4,39.9,60.1,63,158,48.8,740,72.1,8.5,122,951,362,1516,83,83,487,51.2,776,42.2,22.6,42.5,38.9,33.9,27.2,257,58,34.2,88,32.3,83,23,59,10.5,27,,,,,,,,,,,-2,0,5,0.0,0,4,0.0,1,1,100.0,3,3,100.0,0,0,,0.2,0.5,-0.5,0.1,33.4,,4.45,28.3,
Ohtani, Shohei,660271,2023,28,341,398,103,50,15,6,32,87,48,21.9,12.1,.302,.663,.387,1.050,0.361,.316,71,145,226,4,11,81,571,203,5,260,19,89,7,0,0,1,32,36,257,35,0,48,80,14,12,0,4,0,4,0,0,89,0,3,204,4,0,0,0,0,2,0,0,63,8,3,0,608,3,949,204,1557,,2,1,0,5,.296,.649,.433,.430,.383,.354,.533,.528,.401,.395,.006,.014,.003,93.8,13.3,33.9,48,18.7,5.8,21.8,19.8,32.7,1.2,52.5,104.916532481,9.267376809,69,23.6,29.8,44.8,55.2,112,250,53.8,838,74.3,6.7,284,802,409,1557,76.4,117,496,46.2,719,42.5,30.7,47.9,37,38.5,24.5,257,58.6,43.6,112,32.7,84,19.1,49,4.7,12,,,,,,,,,,,,,,,,,,,,,,,,,,,,,,,,,4.16,27.7,
Goldschmidt, Paul,502671,2023,35,341,390,97,62,20,0,15,85,45,21.8,11.5,.284,.475,.369,0.844,0.191,.337,46,151,162,2,8,81,556,313,0,246,22,87,8,0,1,2,32,19,258,46,0,51,75,18,15,0,2,0,5,0,0,10,0,2,170,2,0,0,0,0,0,0,0,52,6,2,0,590,2,1012,170,1602,,0,1,0,0,.283,.522,.365,.383,.369,.239,.427,.453,.376,.376,.001,-0.047,-0.018,93,13.9,34.5,33,12.8,7.8,25.6,23.3,27.1,3.5,54.7,103.197916589,8.515900504,61.1,23.7,25.8,38,62,78,205,49.6,795,77.1,7.4,123,917,488,1602,76.3,117,494,50.4,808,42.4,27.9,43.6,31,35.7,33.3,258,60.1,41.5,107,27.1,70,25.6,66,5.8,15,,,,,,,,,,,,,,,,,,,,,,,,,,,,,,,,,4.57,26.5,
Thomas, Lane,657041,2023,27,354,383,107,68,23,2,14,98,21,25.6,5.5,.302,.497,.347,0.844,0.195,.380,49,150,176,2,8,91,530,322,0,260,14,88,3,0,3,5,36,20,259,50,1,37,82,13,19,0,0,1,1,0,0,0,0,3,128,2,0,0,0,0,1,0,0,60,7,1,0,562,3,990,128,1552,,1,3,0,0,.259,.418,.362,.316,.308,.159,.465,.396,.413,.354,.043,.079,.046,88.2,11.1,34.7,23,8.9,6.2,25.9,21.6,30.9,6.6,41.3,100.225994462,6.334088378,60.5,12.1,26.7,43.9,56.1,94,214,51.7,802,69.8,6.8,131,927,408,1552,87.9,55,454,48.3,750,42.5,22.3,43,47.5,37.8,14.7,259,60.8,45.6,118,22,57,24.7,64,7.7,20,,,,,,,,,,,-3,0,13,0.0,0,8,0.0,10,16,62.5,7,9,77.8,18,18,100.0,-0.7,0.2,0.5,-0.1,33.1,25,4.37,29.2,
Lindor, Francisco,596019,2023,29,339,387,81,40,20,2,19,81,36,20.9,9.3,.239,.478,.320,0.798,0.239,.254,60,139,162,1,13,77,542,233,0,304,14,90,6,0,1,7,18,21,263,41,1,65,69,24,24,0,0,0,1,0,0,1,0,5,147,1,0,0,0,0,0,0,0,56,10,3,0,593,5,976,147,1569,,0,0,1,0,.253,.486,.341,.356,.336,.234,.387,.410,.308,.331,-0.014,-0.008,-0.015,91.9,18.8,39.5,31,11.8,9.1,22.1,32.7,22.1,2.3,46,101.104021818,7.142478061,70,16.5,26.4,41.2,58.8,89,216,52,817,76.8,8,213,863,445,1569,83.5,87,527,48,753,43.2,23.7,47.4,44.1,37.3,18.6,263,58.7,33.1,87,32.7,86,24.7,65,9.5,25,,,,,,,,,,,,,,,,,,,,,,,,,,,,,,,,1,4.34,28.1,
Meneses, Joey,608841,2023,31,334,357,95,68,20,1,6,72,22,20.2,6.2,.284,.404,.328,0.732,0.120,.346,46,119,135,0,0,86,420,245,0,233,11,83,9,0,1,0,42,9,263,44,0,31,90,24,23,0,0,0,0,0,0,76,0,1,134,0,0,0,0,0,0,0,0,34,0,0,0,450,1,898,134,1348,,0,2,0,0,.243,.353,.320,.283,.289,.110,.376,.326,.361,.309,.041,.051,.037,89.4,8.5,30,16,6.1,5.3,27.8,20.9,36.5,3.4,43.7,100.698113636,6.655146882,65.9,13.4,31.8,45,55,99,220,51.3,691,74.5,7.3,132,706,433,1348,86.6,58,433,48.7,657,40.9,24,48.4,38,33.1,28.9,263,63.9,50.2,132,15.2,40,25.9,68,8.7,23,,,,,,,,,,,,,,,,,,,,,,,,,,,,,,,,,4.78,25.5,
Devers, Rafael,646240,2023,26,335,375,85,45,20,0,20,75,32,20,8.5,.254,.493,.325,0.818,0.239,.267,70,147,165,1,2,92,493,148,0,308,17,87,8,0,3,5,19,31,263,35,0,52,87,17,20,0,4,0,2,0,0,1,0,3,182,0,0,1,1,0,0,0,0,48,2,0,0,533,3,930,182,1463,,0,2,0,0,.276,.546,.346,.379,.349,.270,.400,.447,.323,.357,-0.022,-0.053,-0.033,92.8,13.5,30.8,35,13.3,8.7,17.9,26.2,31.2,2.7,51.7,104.320176794,8.965712786,78,23.1,33.5,33.9,66.1,92,271,55.2,808,83.7,6.3,275,807,319,1463,76.7,118,511,44.8,655,41.3,26.9,53.5,33.1,41.4,25.5,263,60.6,40.3,106,31.6,83,20.2,53,8,21,,,,,,,,,,,,,,,,,,,,,,,,,,,,,,,,,4.57,25.6,
Smith, Dominic,642086,2023,28,315,348,82,68,8,1,5,53,26,15.2,7.5,.260,.340,.328,0.668,0.080,.298,20,136,107,0,0,68,439,209,0,276,7,86,10,0,0,6,31,8,263,42,1,58,85,25,12,0,0,0,0,0,0,1,0,1,119,0,0,0,0,0,1,0,0,34,0,0,0,462,1,879,119,1341,,1,1,0,0,.258,.383,.300,.314,.326,.125,.311,.330,.312,.309,.002,-0.043,-0.014,86.2,11.9,35.7,15,5.7,2.3,27.8,27,33.5,3.8,28.1,96.569527273,4.316771863,70.1,14.1,30.5,31.7,68.3,66,208,50.9,682,78.4,6.6,165,770,359,1341,85.9,65,462,49.1,659,42.8,19.6,50,36.5,37.3,26.2,263,64.4,44.1,116,25.1,66,25.5,67,5.3,14,,,,,,,,,,,,,,,,,,,,,,,,,,,,,,,,,4.57,25.6,
Marte, Ketel,606466,2023,29,322,366,92,59,14,4,15,61,36,16.7,9.8,.286,.494,.363,0.857,0.208,.309,44,115,159,1,6,71,490,226,0,226,7,84,10,0,1,5,31,16,264,45,0,52,90,14,13,0,1,0,0,0,0,3,0,3,114,1,0,0,2,0,1,0,0,62,6,0,0,515,3,841,114,1356,,1,4,0,0,.275,.447,.368,.352,.356,.173,.403,.380,.348,.338,.011,.047,.016,90.8,10.1,31.8,25,9.5,5.3,22.3,23.5,36.7,2.7,41.7,101.307094091,6.988788061,66.1,11.9,24.3,42.9,56.4,70,163,49.6,672,73.6,8.1,199,714,397,1356,88.1,54,452,50.4,684,43.8,20.2,45.4,40.5,39,20.5,264,61.1,45.8,121,25.8,68,23.5,62,4.9,13,,,,,,,,,,,,,,,,,,,,,,,,,,,,,,,,1,4.41,27.3,
Rodriguez, Julio,677594,2023,22,365,397,91,59,18,1,13,101,28,25.4,7.1,.249,.411,.310,0.721,0.162,.311,49,154,150,5,22,98,444,192,0,272,10,87,11,0,0,4,35,16,264,40,0,44,92,24,13,0,0,0,0,0,0,3,0,0,193,5,0,0,0,0,1,0,0,52,20,2,0,482,0,943,193,1425,,1,5,0,0,.266,.436,.315,.332,.325,.170,.388,.415,.345,.368,-0.017,-0.025,-0.017,92.8,9,32.2,26,9.8,7.6,22.7,20.5,36.4,3,50.8,104.055060758,8.769320265,71,17.7,35.7,48.9,51.1,129,264,51.9,739,78,7.6,160,756,433,1425,82.3,86,487,48.1,686,42.3,28.6,52.7,34.5,37.5,28,264,64.5,48.1,127,22.7,60,24.2,64,4.9,13,,,,,,,,,,,9,2,14,14.3,3,6,50.0,16,17,94.1,14,15,93.3,15,15,100.0,-0.7,1.1,0.2,0.8,35.4,43,4.29,29.5,
Benintendi, Andrew,643217,2023,28,314,350,88,63,23,1,1,52,30,14.9,8.6,.280,.369,.347,0.716,0.089,.331,23,85,116,1,9,47,455,202,0,256,14,85,4,0,2,3,29,11,265,47,1,54,89,26,8,0,5,0,3,2,0,0,1,2,101,1,0,0,1,0,0,0,0,41,8,1,0,484,3,848,101,1332,,0,3,1,0,.269,.360,.313,.306,.337,.091,.334,.325,.333,.321,.011,.009,.007,86.7,12.6,37.7,8,3,1.5,30.6,28.7,31.3,4.5,27.2,95.607871832,3.823226935,69.4,14.7,26.3,30.4,69,52,171,48.7,649,76.2,7.9,214,753,314,1332,84.8,70,475,51.3,684,43.5,18.9,48.5,32.1,39.6,28.3,265,62.7,44.5,118,24.5,65,27.5,73,3.4,9,,,,,,,,,,,-6,0,14,0.0,0,5,0.0,2,5,40.0,6,10,60.0,12,12,100.0,-0.5,-0.9,-0.1,-1.5,30.9,,4.43,27.2,
Vaughn, Andrew,683734,2023,25,336,376,82,45,23,2,12,72,28,19.1,7.4,.244,.432,.319,0.751,0.188,.276,53,117,145,0,0,76,482,266,0,215,11,90,11,0,2,10,29,12,266,41,0,56,85,22,21,0,0,0,0,1,0,5,0,2,132,0,0,0,0,0,0,0,0,41,0,0,0,528,2,904,132,1432,,0,1,1,0,.252,.444,.326,.337,.327,.192,.361,.375,.308,.319,-0.008,-0.012,-0.011,91.1,13.5,31.6,26,9.8,7.5,22.2,26.3,32,2.3,47,101.719073609,7.399898233,62.1,14,28.8,45.2,54.8,98,217,52.7,754,57.3,6.2,160,727,427,1432,86,59,421,47.3,678,41.9,24.6,44.6,37.6,34.2,28.2,266,63,42.9,114,25.6,68,23.7,63,7.9,21,,,,,,,,,,,,,,,,,,,,,,,,,,,,,,,,,4.84,25.2,
Yoshida, Masataka,807799,2023,29,301,335,95,64,19,2,10,36,27,10.7,8.1,.316,.492,.382,0.874,0.176,.332,44,134,148,0,6,82,445,289,0,179,8,78,10,0,2,6,35,21,266,38,1,32,115,13,11,0,0,1,2,0,0,28,0,1,76,0,0,0,0,0,2,0,0,47,6,0,0,479,1,823,76,1302,,2,6,0,0,.285,.458,.379,.356,.355,.174,.390,.361,.357,.322,.031,.034,.023,89,3.2,27.4,18,6.8,4.9,24.8,15.8,42.5,4.9,42.9,101.287522857,6.855165434,55.7,13,25.9,24.7,75.3,41,166,49.2,641,64.8,9.8,200,740,310,1302,87,48,368,50.8,661,41.8,16.7,41,34.6,36.5,28.9,266,57.3,56.4,150,19.9,53,19.2,51,4.5,12,,,,,,,,,,,-4,0,8,0.0,1,4,25.0,2,5,40.0,5,6,83.3,12,14,85.7,-0.2,-1.7,-0.1,-2,31.5,,4.34,26.2,
Walker, Christian,572233,2023,32,328,370,87,42,27,0,18,65,35,17.6,9.5,.265,.512,.336,0.848,0.247,.277,58,150,168,0,6,95,516,214,1,288,13,87,7,0,1,2,25,28,267,34,0,54,77,20,28,0,2,0,2,0,0,4,0,4,160,0,0,0,0,0,0,0,0,46,6,0,0,551,4,950,160,1501,,0,1,0,1,.252,.458,.359,.340,.326,.207,.402,.376,.326,.312,.013,.054,.019,89.3,17.3,30.7,27,10.1,7.1,18,31.5,30.7,2.6,41.9,100.982561045,6.596409888,71,17.9,26.2,43.5,56.5,84,193,49.1,737,79.8,8.6,171,840,413,1501,82.1,97,543,50.9,765,40.7,24.6,49,41.2,34.8,24,267,63.4,38.2,102,30.7,82,20.6,55,10.5,28,,,,,,,,,,,,,,,,,,,,,,,,,,,,,,,,,4.71,26.2,
Riley, Austin,663586,2023,26,353,394,94,62,16,0,16,91,31,23.1,7.9,.266,.448,.327,0.775,0.182,.310,44,160,158,0,2,82,515,242,0,278,13,89,14,0,0,4,30,18,268,45,1,48,81,26,17,0,2,0,1,0,0,0,0,6,172,0,0,0,0,0,0,0,0,61,2,0,0,563,6,984,172,1547,,0,3,0,0,.273,.470,.332,.350,.338,.198,.400,.426,.351,.366,-0.007,-0.022,-0.018,91.9,12.3,35.4,28,10.4,8.6,25,23.5,30.2,1.5,47.7,103.191420451,8.080329699,68.5,19.6,26.6,44.8,55.2,90,201,49.2,757,74.6,8.4,153,914,396,1547,80.4,105,536,50.8,783,40.6,26.4,48,39.9,39.2,20.9,268,59.3,41.4,111,24.6,66,27.2,73,6.7,18,,,,,,,,,,,,,,,,,,,,,,,,,,,,,,,,,4.51,28.0,
Rutschman, Adley,668939,2023,25,326,383,89,64,13,0,12,59,55,15.4,14.4,.273,.423,.376,0.799,0.150,.300,39,122,138,1,0,74,591,340,0,264,11,86,7,0,0,0,26,17,269,45,1,61,86,23,8,0,5,0,1,0,0,21,0,2,85,1,0,0,0,0,0,0,0,44,0,0,0,635,2,976,85,1611,,0,1,1,0,.278,.446,.349,.361,.382,.168,.361,.378,.331,.339,-0.005,-0.023,-0.012,87.9,11.7,38.7,18,6.7,7.8,25.7,24.9,32.3,2.6,36.8,98.876063556,5.488179963,58.7,11.6,22.8,26.4,73.6,52,197,53.6,864,62.8,7,331,848,372,1611,88.4,51,439,46.4,748,43.9,16.2,39.5,35.7,33.1,31.2,269,55.9,41.6,112,29,78,26,70,3.3,9,38,1.92,1.91,1.94,3,1.46,1.46,,0.66,85.4,,,,,,,,,,,,,,,,,,,,,,,4.39,26.9,
Ruiz, Esteury,665923,2023,24,334,369,86,65,19,1,1,68,14,18.4,3.8,.257,.329,.310,0.639,0.072,.320,35,116,110,8,43,79,398,192,5,209,13,85,4,0,1,12,40,11,271,34,1,44,103,19,18,0,1,0,0,1,0,2,3,1,140,6,2,0,2,0,4,0,0,33,33,10,0,426,4,867,140,1293,,4,1,2,5,.238,.310,.285,.271,.293,.072,.318,.299,.322,.298,.019,.019,.014,82.6,8.9,32.2,5,1.9,3,24.8,22.6,40,7.8,18.9,93.704773101,3.242950388,71,16.9,34.5,40.4,56.1,93,230,51.5,666,76.2,8.1,125,732,357,1293,78.7,75,445,48.5,627,40.6,24.9,52.2,35.9,34.1,30,270,66.8,53,143,20.4,55,19.6,53,7,19,,,,,,,,,,,2,1,14,7.1,4,8,50.0,11,13,84.6,7,9,77.8,10,11,90.9,-0.2,0.5,-0.3,-0.1,33.8,54,4.34,29.8,
Arenado, Nolan,571448,2023,32,332,364,94,56,17,2,19,66,26,18.1,7.1,.283,.518,.332,0.850,0.235,.298,62,164,172,3,2,89,415,232,0,240,9,86,11,0,2,1,22,25,271,47,0,52,76,18,30,0,3,0,4,0,0,9,0,5,122,3,0,0,0,0,1,0,0,43,2,0,0,462,5,886,122,1348,,1,2,0,0,.262,.456,.358,.329,.314,.194,.414,.377,.347,.322,.021,.062,.029,89.7,18.4,33.6,24,8.9,7,24,29.9,27.3,3,42.4,100.066759926,6.241817786,65.5,12.2,33.3,38.8,61.2,92,237,52.7,711,69.2,7.9,123,720,436,1348,87.8,51,417,47.3,637,42.6,21.9,48.5,43.5,32.8,23.6,271,59.4,36.2,98,28.4,77,24.4,66,11.1,30,,,,,,,,,,,,,,,,,,,,,,,,,,,,,,,,,4.72,25.1,
France, Ty,664034,2023,28,337,374,88,59,22,0,7,66,19,17.6,5.1,.261,.389,.332,0.721,0.128,.306,36,148,131,0,1,91,400,180,0,297,16,86,13,0,1,17,25,17,272,46,0,42,93,24,24,0,0,0,0,0,0,0,0,1,141,0,0,0,1,0,1,0,0,53,0,1,0,443,1,915,141,1358,,1,1,0,0,.268,.408,.319,.331,.338,.140,.345,.361,.324,.332,-0.007,-0.019,-0.012,86.4,13.1,37.5,17,6.3,4.4,30.1,24.3,28.7,5.9,36,98.826664559,5.451801697,74.1,11.5,35.4,44.2,55.8,110,249,51.7,703,81.9,7.7,126,785,382,1358,88.5,56,486,48.3,656,43,22.6,54.1,40.1,36.8,23.2,272,59.9,43.4,118,21.7,59,25.7,70,9.2,25,,,,,,,,,,,,,,,,,,,,,,,,,,,,,,,,,4.89,24.9,
Turner, Trea,607208,2023,30,368,395,91,61,18,2,10,95,25,24.1,6.3,.247,.389,.299,0.688,0.142,.308,32,133,143,0,19,82,479,193,0,300,10,88,1,0,0,2,30,16,273,45,0,68,74,20,20,0,2,0,1,0,0,1,0,0,227,0,0,0,1,0,2,0,0,51,14,5,0,514,0,1013,227,1527,,2,3,0,0,.257,.402,.299,.309,.307,.145,.366,.380,.333,.346,-0.010,-0.013,-0.010,89.5,15,37.4,18,6.6,7.7,26,29.3,28.2,2.2,40.3,99.525306569,6.073041575,73.3,18.9,37.8,47.8,52.2,152,318,55.1,842,79,6.5,194,828,427,1527,81.1,95,502,44.9,685,42,30.1,53.7,35.9,38.5,25.6,273,61.9,38.1,104,30.8,84,23.8,65,7.3,20,,,,,,,,,,,,,,,,,,,,,,,,,,,,,,,,55,4.13,30.3,
Betts, Mookie,605141,2023,30,333,396,92,42,23,1,26,65,54,16.4,13.6,.276,.586,.379,0.965,0.310,.267,62,88,195,2,7,67,592,303,0,197,13,86,4,0,1,4,15,28,273,48,1,74,65,22,19,0,2,0,5,0,1,0,0,5,85,1,1,0,3,0,0,0,0,72,7,0,0,623,5,878,85,1501,,0,4,0,0,.285,.574,.404,.408,.388,.289,.440,.446,.337,.350,-0.009,.012,-0.004,92.5,19.8,39.9,35,12.8,12.8,22.3,28.9,21.6,1.5,49.5,101.299403796,7.501785128,60.9,8.6,16.1,54.1,45.9,66,122,50.5,758,70,7.3,129,931,359,1501,91.4,39,453,49.5,744,40.7,18.3,38.3,46.9,34.4,18.7,273,56.5,29.3,80,37.4,102,25.6,70,7.7,21,,,,,,,,,,,0,0,9,0.0,1,4,25.0,7,9,77.8,4,5,80.0,7,7,100.0,-0.5,0.5,0.4,0.4,34.1,,4.48,27.2,
Rosario, Amed,642708,2023,27,340,366,91,68,16,5,2,69,21,18.9,5.7,.268,.362,.311,0.673,0.094,.327,34,141,123,0,9,82,404,197,0,266,11,83,10,0,1,2,37,6,274,46,2,40,94,30,17,0,0,0,0,0,1,2,0,3,150,0,0,0,1,0,0,0,0,43,8,1,0,440,3,905,150,1345,,0,1,0,0,.268,.371,.296,.303,.315,.102,.336,.347,.332,.337,.000,-0.009,-0.007,88.7,7.8,34.3,6,2.2,6.9,28.8,20.4,38.7,2.6,43.4,99.945728759,6.249521722,69.1,15.1,38.5,37.1,62.9,103,278,53.8,723,73.6,6.5,114,765,388,1345,84.9,65,430,46.2,622,42.5,23.7,52.6,32.5,39.8,27.7,274,66.9,47.8,131,16.8,46,28.5,78,6.9,19,,,,,,,,,,,,,,,,,,,,,,,,,,,,,,,,27,4.25,29.3,
Turner, Justin,457759,2023,38,333,376,96,64,19,0,13,62,34,16.5,9,.288,.462,.362,0.824,0.174,.318,52,122,154,0,4,88,569,281,0,321,15,87,6,0,2,6,22,24,274,49,1,61,81,23,13,0,0,0,2,0,0,57,0,3,110,0,0,0,0,0,0,0,0,55,3,1,0,613,3,1008,110,1621,,0,2,0,0,.280,.484,.358,.363,.355,.204,.389,.396,.350,.341,.008,-0.022,-0.005,90.2,14.4,37.6,17,6.2,10.6,26.6,25.5,29.6,1.5,40.9,99.140811898,5.949138905,65.1,13,23.8,32.8,67.2,62,189,49,795,77.4,8.5,145,987,394,1621,87,70,538,51,826,42.3,18.2,44.8,37.6,37.2,25.2,274,58,37.6,103,31,85,26.3,72,5.1,14,,,,,,,,,,,,,,,,,,,,,,,,,,,,,,,,,4.84,25.3,
Lowe, Nathaniel,663993,2023,27,356,411,96,61,25,1,9,84,49,20.4,11.9,.270,.421,.360,0.781,0.151,.327,45,179,150,0,0,106,620,280,0,318,16,90,11,0,0,3,29,15,275,52,0,40,101,22,15,0,2,0,1,0,0,0,0,3,128,0,0,0,1,0,0,0,0,55,0,0,0,660,3,1020,128,1680,,0,3,1,0,.269,.414,.342,.341,.360,.145,.382,.381,.349,.349,.001,.007,.001,89.7,6.8,36.4,17,6.2,6.5,27.6,20.4,36.7,2.5,39.6,100.654770725,6.584928109,66.9,13.1,22.2,39.3,60.7,75,191,51.1,859,75.4,7.5,139,1027,439,1680,86.9,72,549,48.9,821,44.8,19.9,44,28.7,39.3,32,275,55.3,47.3,130,20,55,27.3,75,5.5,15,,,,,,,,,,,,,,,,,,,,,,,,,,,,,,,,,4.36,27.3,
India, Jonathan,663697,2023,26,348,404,87,57,17,0,13,77,36,19.1,8.9,.250,.411,.339,0.750,0.161,.280,49,149,143,2,12,90,594,353,0,242,9,91,11,0,0,14,27,18,277,42,0,61,87,23,18,0,0,1,0,0,0,14,0,6,120,1,1,0,0,0,1,0,0,65,7,5,0,642,6,1008,120,1650,,1,2,0,0,.253,.436,.330,.344,.345,.183,.354,.374,.314,.322,-0.003,-0.025,-0.014,89.6,14.8,35,22,7.9,7.9,22,27.4,30.7,2.9,40.1,99.779412482,6.133542482,57.9,14.1,19.9,41.1,58.2,65,158,48,793,66.7,7.8,155,995,416,1650,85.9,70,497,52,858,42.9,20.6,39.7,40.4,31,28.5,277,58.7,41.2,114,28.5,79,23.8,66,6.5,18,,,,,,,,,,,,,,,,,,,,,,,,,,,,,,,,,4.49,27.8,
Tucker, Kyle,663656,2023,26,323,374,93,60,20,0,13,50,41,13.4,11,.288,.471,.365,0.836,0.183,.302,56,129,152,3,15,76,487,175,4,273,15,89,8,0,2,1,30,24,278,38,1,59,84,29,11,0,3,1,2,0,0,2,0,5,96,3,0,0,0,0,1,0,0,46,10,5,0,531,5,843,96,1374,,1,1,1,4,.296,.513,.358,.382,.377,.217,.375,.406,.335,.350,-0.008,-0.042,-0.024,91.3,13.8,33.5,23,8.3,8.3,28.4,25.5,27,2.2,48.9,101.157923597,7.233096065,73.2,11.4,22.7,37.5,62.5,57,152,48.7,669,83.5,7.1,237,742,337,1374,88.4,59,516,51.3,705,42.4,17.4,48.6,42.4,34.5,23,278,65.2,41,114,29.9,83,24.8,69,4.3,12,,,,,,,,,,,-4,1,13,7.7,2,11,18.2,3,11,27.3,16,18,88.9,15,16,93.8,-0.4,-1.1,0.4,-1.1,32.4,,4.51,26.5,
Stott, Bryson,681082,2023,25,332,358,100,76,15,2,7,57,18,15.9,5,.301,.422,.338,0.760,0.121,.341,33,125,140,1,16,75,463,324,0,304,11,83,8,0,2,3,42,13,280,45,0,46,91,28,13,0,0,0,0,0,0,1,0,5,86,1,0,0,1,0,0,0,0,39,16,0,0,496,5,1019,86,1515,,0,1,1,0,.270,.376,.330,.304,.312,.107,.369,.335,.357,.324,.031,.046,.026,88,9.6,37.5,12,4.3,3.6,26.8,26.4,36.1,2.9,35,97.455899712,4.806369711,60.8,11.6,29.9,21.5,77.2,47,219,48.3,732,66.9,7.8,198,979,306,1515,87.2,55,476,51.7,783,43.8,14.7,45.9,31.4,33.2,35.4,280,60.3,47.5,133,21.1,59,26.8,75,4.6,13,,,,,,,,,,,,,,,,,,,,,,,,,,,,,,,,8,4.25,28.5,
McNeil, Jeff,643446,2023,31,320,362,81,64,13,1,3,42,27,11.6,7.5,.253,.328,.331,0.659,0.075,.282,26,127,105,0,5,72,417,159,0,250,9,89,4,0,1,11,29,4,282,47,1,51,90,31,29,0,0,0,0,0,0,0,2,2,79,0,0,0,0,0,0,0,0,37,4,1,0,452,4,791,79,1243,,0,2,0,0,.249,.332,.298,.299,.327,.084,.288,.288,.289,.285,.004,-0.004,-0.001,86.6,13.9,31.6,5,1.8,4.6,26.2,29.8,31.2,6,31.6,97.047694748,4.55033741,74.3,9.2,27.7,32.4,67.6,56,173,50.3,625,84.8,6.4,165,761,291,1243,90.4,42,459,49.7,618,41.8,15.5,50.8,37.2,35.5,27.3,282,61.3,42.2,119,19.5,55,27.7,78,10.6,30,,,,,,,,,,,1,0,4,0.0,0,1,0.0,1,1,100.0,2,2,100.0,6,6,100.0,-0.1,0.1,0.6,0.6,34.3,,4.19,27.2,
Verdugo, Alex,657077,2023,27,328,367,95,58,26,4,7,47,31,12.8,8.4,.290,.457,.360,0.817,0.167,.319,38,109,150,2,3,75,499,324,0,203,9,83,6,0,0,6,27,20,283,47,1,47,100,27,12,0,1,0,2,1,0,0,0,2,67,1,0,1,0,0,0,0,0,57,3,0,0,537,2,889,67,1426,,0,2,3,0,.292,.445,.354,.356,.365,.153,.368,.371,.336,.343,-0.002,.012,-0.002,89.3,8.2,36.7,14,4.9,7.4,27.9,23,33.2,2.8,38.2,99.382030142,5.889377722,55.1,6.5,22.1,34.5,64.9,51,148,46.9,669,70.4,8.8,223,832,300,1426,93.5,27,417,53.1,757,44.7,13.8,39.6,32.5,38.2,29.3,283,58.5,44.9,127,23.7,67,26.9,76,4.6,13,,,,,,,,,,,1,0,11,0.0,2,3,66.7,5,7,71.4,9,11,81.8,12,14,85.7,0.8,1.2,-0.3,1.7,34.6,,4.33,27.4,
Garcia, Luis,671277,2023,23,317,343,86,65,12,4,5,40,19,11.7,5.5,.271,.382,.307,0.689,0.111,.291,37,124,121,4,4,74,392,172,0,232,15,82,8,0,0,0,31,12,284,43,0,38,123,29,6,0,0,0,0,1,0,0,1,6,84,4,0,0,0,0,3,0,0,40,4,0,0,430,7,791,84,1221,,3,2,0,0,.272,.423,.299,.323,.313,.151,.314,.343,.304,.311,-0.001,-0.041,-0.024,88.5,3.2,33.8,19,6.7,6.7,24.3,16.2,43.3,2.5,37.7,99.448840851,5.768503511,74.6,12.5,29.9,25,75,49,196,53.6,655,86,8.2,233,535,410,1221,87.2,53,423,46.4,567,41.3,16.5,50.7,30.3,43.3,26.4,284,63.8,54.2,154,17.6,50,26.1,74,2.1,6,,,,,,,,,,,,,,,,,,,,,,,,,,,,,,,,,4.27,27.2,
Torres, Gleyber,650402,2023,26,334,375,84,57,13,1,13,53,37,14.1,9.9,.251,.413,.325,0.738,0.162,.262,36,108,138,5,8,60,539,235,0,265,16,90,7,0,1,1,26,13,283,45,0,73,83,27,17,0,0,1,0,1,0,10,0,3,132,5,0,0,1,0,0,0,0,50,6,2,0,580,3,934,132,1514,,0,1,1,0,.272,.443,.323,.348,.348,.170,.333,.366,.296,.325,-0.021,-0.030,-0.025,89.2,15.9,37.3,21,7.4,5.3,25,29.2,29.9,2.5,37.3,99.222724539,5.762873665,68.5,16.3,25.7,34.5,65.5,70,203,52.2,791,74.1,7.4,188,771,467,1514,83.9,81,496,47.8,724,41.6,21.6,46.2,29.9,40.5,29.2,284,61.3,38,108,30.3,86,25.4,72,6,17,,,,,,,,,,,,,,,,,,,,,,,,,,,,,,,,,4.61,26.6,
Springer III, George,543807,2023,33,346,379,93,67,12,1,13,61,29,16.1,7.7,.269,.422,.330,0.752,0.153,.293,39,139,146,2,13,76,465,203,0,235,14,87,12,0,3,3,35,21,286,37,0,49,97,28,18,0,0,0,1,0,0,10,0,1,123,2,0,0,1,0,0,0,0,52,12,1,0,491,1,863,123,1354,,0,5,1,0,.283,.464,.329,.352,.344,.182,.357,.389,.325,.343,-0.014,-0.042,-0.023,88.6,10.8,32.9,26,9.1,5.2,25.5,22.4,31.8,5.9,42,101.079358182,6.769418951,72.2,15.1,22.4,42.7,57.3,61,143,47.1,638,83.2,7.9,176,744,369,1354,84.9,78,517,52.9,716,42.4,21.1,48.7,37.4,39.5,23.1,286,62,46.2,132,24.5,70,22.7,65,6.6,19,,,,,,,,,,,-1,0,14,0.0,1,4,25.0,6,7,85.7,10,11,90.9,12,12,100.0,-0.4,0.5,0,0.1,33.5,1,4.43,27.7,
Guerrero Jr., Vladimir,665489,2023,24,343,384,94,62,19,0,13,60,31,15.6,8.1,.274,.443,.344,0.787,0.169,.297,58,135,152,2,4,84,449,177,0,254,15,88,13,0,1,7,34,13,286,47,0,52,98,27,13,0,1,0,2,0,0,19,0,3,151,2,0,0,2,0,2,0,0,42,3,1,0,487,3,887,151,1374,,2,3,1,0,.306,.545,.342,.395,.376,.240,.367,.438,.329,.372,-0.032,-0.102,-0.053,94.3,9.1,33.6,39,13.6,6.3,24.8,18.9,33.9,2.4,56.3,105.177495524,9.655254545,74.8,16.4,30.7,40.7,59.3,90,221,52.4,721,78.9,6.5,163,718,411,1374,83.6,80,489,47.6,654,42.3,23.9,51.7,35.7,43,21.3,286,62.9,46.2,132,22.7,65,26.6,76,4.5,13,,,,,,,,,,,,,,,,,,,,,,,,,,,,,,,,,4.66,26.3,
Witt Jr., Bobby,677951,2023,23,362,391,93,59,15,5,14,80,21,20.5,5.4,.257,.442,.300,0.742,0.185,.290,47,133,160,7,27,75,486,214,0,285,12,90,5,0,0,3,30,18,287,45,0,58,75,36,23,0,0,0,2,0,1,10,1,4,176,6,1,0,2,0,2,1,1,48,24,3,0,510,5,982,176,1492,,4,1,0,0,.290,.515,.318,.364,.334,.225,.375,.437,.325,.371,-0.033,-0.073,-0.046,90.5,15.2,37.3,30,10.5,7.3,24.7,26.1,28.6,2.8,43.9,101.729168531,7.256874,72,19.7,31.2,38.9,61.1,91,234,50.3,751,84.1,7.6,143,864,387,1492,80.3,105,534,49.7,742,42.7,25.5,51.5,34.1,34.5,31.4,287,61.9,36.6,105,26.5,76,28.9,83,8,23,,,,,,,,,,,,,,,,,,,,,,,,,,,,,,,,76,4.15,30.3,
Freeman, Freddie,518692,2023,33,356,407,114,65,31,1,17,70,40,17.2,9.8,.320,.556,.396,0.952,0.236,.355,61,125,198,1,12,75,547,188,0,297,15,89,5,0,1,7,19,35,290,59,1,57,80,30,9,0,6,0,0,0,0,0,0,4,150,1,0,0,0,0,0,0,0,72,12,0,0,589,4,943,150,1532,,0,4,1,0,.320,.577,.401,.411,.396,.257,.456,.469,.393,.394,.000,-0.021,-0.010,90.4,16,46.2,35,12.1,7.6,30.3,25.2,22.4,2.1,42.1,100.742120897,6.777085952,74.1,16.2,25.6,38.8,61.2,78,201,51.2,784,87.5,6.8,221,842,425,1532,83.8,90,554,48.8,748,41.6,22.3,49.3,35.9,35.5,28.6,290,60.1,34.1,99,31.7,92,30.7,89,3.4,10,,,,,,,,,,,,,,,,,,,,,,,,,,,,,,,,,4.52,26.5,
Albies, Ozzie,645277,2023,26,343,379,90,51,15,2,22,57,26,15,6.9,.262,.510,.316,0.826,0.248,.253,63,134,175,0,6,90,505,150,2,343,15,89,6,0,0,3,28,28,292,34,0,72,85,27,15,0,2,0,0,0,1,0,0,5,140,0,0,0,0,0,0,0,0,49,6,0,0,536,5,952,140,1488,,0,0,2,2,.259,.458,.348,.332,.315,.199,.383,.363,.309,.308,.003,.052,.016,88.9,15.8,35.7,25,8.6,8.2,24.1,28.5,28.5,2.1,37.8,98.346341575,5.318004536,77.6,13.2,34.8,34.4,65.6,99,288,55.5,827,87.4,6.4,306,770,373,1488,86.6,68,514,44.5,662,40,20.8,53.9,51.9,30.2,17.9,291,55.9,38.8,113,34.4,100,21.6,63,5.2,15,,,,,,,,,,,,,,,,,,,,,,,,,,,,,,,,1,4.17,27.8,
Franco, Wander,677551,2023,22,342,379,95,59,21,4,11,51,30,13.5,7.9,.278,.459,.338,0.797,0.181,.296,44,141,157,8,28,87,506,265,0,267,10,86,12,0,2,3,26,18,295,51,0,47,117,22,13,0,2,0,0,0,0,1,0,4,74,7,1,0,0,0,3,1,0,49,23,5,0,549,4,917,74,1466,,4,7,0,0,.288,.445,.341,.346,.349,.157,.363,.368,.322,.337,-0.010,.014,-0.005,88.8,8.5,34.9,19,6.4,4.7,28.8,19.3,38.6,2,38.6,99.321909257,5.863028,62.4,8.8,25.7,26.6,73.4,49,184,48.8,716,71.6,7,339,739,337,1466,91.2,41,468,51.2,750,44.5,13.8,44.5,35.6,41,23.4,295,62.6,48.5,143,22,65,25.1,74,4.4,13,,,,,,,,,,,,,,,,,,,,,,,,,,,,,,,,,4.33,27.6,
Bregman, Alex,608324,2023,29,346,399,83,58,11,2,12,50,50,12.5,12.5,.240,.387,.338,0.725,0.147,.249,56,130,134,0,3,82,594,295,0,206,11,90,12,0,0,2,22,14,297,45,2,77,77,30,30,0,1,0,1,0,0,1,0,1,71,0,0,0,1,0,0,0,0,50,3,0,0,628,1,886,71,1514,,0,2,0,0,.255,.418,.322,.340,.352,.163,.311,.336,.279,.298,-0.015,-0.031,-0.018,87.8,18.8,36.4,15,5.1,11.4,22.6,32.3,27.3,1.3,35.7,97.853050403,5.071184444,61.9,9,19.4,31,69,49,158,53.8,815,74.8,7.6,116,882,431,1514,91,39,433,46.2,699,43.1,14.9,39,44.4,35,20.5,297,58.5,33.3,99,30.6,91,25.3,75,10.8,32,,,,,,,,,,,,,,,,,,,,,,,,,,,,,,,,,4.63,25.7,
Hoerner, Nico,663538,2023,26,343,371,93,70,15,3,5,44,21,11.9,5.7,.271,.376,.321,0.697,0.105,.297,45,118,129,3,20,84,420,292,0,275,6,81,6,0,1,5,35,11,301,47,0,46,114,28,19,0,0,0,0,0,0,1,0,2,66,3,0,0,0,0,1,0,0,47,16,4,0,444,2,949,66,1393,,1,7,1,0,.278,.363,.307,.308,.327,.085,.317,.319,.309,.317,-0.007,.013,-0.001,86.1,9.6,35.2,6,2,4,23.3,23.9,41.9,4.7,32.2,97.101109267,4.555736967,60.9,6.1,32.2,23.7,75.3,51,215,47.9,667,62.9,7.5,130,801,397,1393,93.7,27,442,52.1,726,41.3,11.9,47.2,29.9,41.2,28.9,301,64.4,49.5,149,18.9,57,25.2,76,6.3,19,,,,,,,,,,,,,,,,,,,,,,,,,,,,,,,,,4.32,28.5,
Ramirez, Jose,608070,2023,30,336,385,97,56,23,4,14,38,42,9.9,10.9,.289,.506,.364,0.870,0.217,.286,53,151,170,4,9,84,514,210,0,273,9,86,7,0,0,1,23,23,304,50,1,74,73,26,33,0,12,0,0,0,2,13,0,6,90,4,0,0,0,0,1,1,0,55,8,0,1,560,6,892,90,1452,,2,2,1,0,.288,.473,.361,.357,.367,.185,.371,.367,.319,.323,.001,.033,.004,89.3,19.9,35.5,23,7.6,6.9,23.7,34.2,24.7,3,38.8,99.697727105,6.09203102,68.8,9.2,27.9,28.7,71.3,62,216,53.4,775,69.8,7.3,312,725,361,1452,90.8,43,466,46.6,677,43.4,15.4,47,51,29.9,19.1,304,54.3,31.6,96,31.9,97,25.3,77,11.2,34,,,,,,,,,,,,,,,,,,,,,,,,,,,,,,,,,4.38,28.0,
Bichette, Bo,666182,2023,25,385,402,122,84,22,1,15,74,15,18.4,3.7,.317,.496,.346,0.842,0.179,.361,52,135,191,3,3,78,456,176,0,375,23,90,9,0,1,2,35,23,311,64,0,36,110,35,7,0,0,0,1,0,0,2,0,0,144,3,0,0,0,0,0,0,0,46,3,0,0,484,0,1042,144,1526,,0,5,0,0,.321,.521,.362,.374,.349,.200,.430,.446,.392,.398,-0.004,-0.025,-0.012,91.3,5.6,40.8,31,10,6.8,33.1,12.5,32.8,3.9,45.7,102.218016299,7.584950617,77.2,13.4,36.7,36,64,102,283,50.5,771,84.5,8.5,103,909,428,1526,86.6,78,583,49.5,755,41.7,20.8,56.7,22.2,36.7,41.2,311,63.9,46.6,145,19,59,31.8,99,2.6,8,,,,,,,,,,,,,,,,,,,,,,,,,,,,,,,,,4.52,27.0,
Acuna Jr., Ronald,660670,2023,25,359,409,119,72,25,1,21,49,44,12,10.8,.331,.582,.408,0.990,0.251,.337,55,101,209,7,41,65,591,224,0,272,12,89,7,0,2,4,45,22,312,52,0,49,109,22,11,0,2,0,1,0,0,0,0,2,118,6,1,0,0,0,2,0,0,79,30,11,0,632,2,945,118,1577,,2,3,0,0,.350,.651,.420,.456,.427,.301,.445,.492,.381,.406,-0.019,-0.069,-0.036,94.8,8,33,48,15.4,8,22.1,15.4,36.5,1.9,55.3,106.630525226,10.319356968,69.4,14.8,22.5,31.8,68.2,57,179,50.5,795,82.7,7,191,878,451,1577,85.2,80,541,49.5,779,41.9,19,45.7,41.7,37.8,20.5,312,58.3,49.4,154,22.8,71,24,75,3.8,12,,,,,,,,,,,-4,0,14,0.0,0,8,0.0,9,13,69.2,12,14,85.7,12,12,100.0,-1,-0.6,0.9,-0.7,31.9,11,4.31,27.9,
Arraez, Luis,650333,2023,26,329,362,126,104,18,1,3,19,27,5.2,7.5,.383,.471,.434,0.905,0.088,.398,42,94,155,2,1,65,401,225,0,270,10,86,12,0,1,4,45,12,312,69,0,50,101,27,8,0,8,0,6,0,0,1,0,2,35,2,0,0,2,0,0,0,0,40,1,0,0,423,2,856,35,1279,,0,2,0,0,.331,.436,.391,.357,.388,.105,.392,.353,.404,.351,.052,.035,.034,88.2,10.3,42.9,7,2.2,2.9,36.9,22.1,32.7,3.2,24.4,95.301791355,3.777543968,66.5,5.6,31.7,11.5,88,23,200,49.3,631,73.9,9,171,787,278,1279,94.2,24,431,50.7,648,44.4,7.4,49.3,26.3,40.7,33,312,58.4,46.8,146,19.9,62,30.8,96,2.6,8,,,,,,,,,,,,,,,,,,,,,,,,,,,,,,,,,4.54,26.2,
Kwan, Steven,680757,2023,25,358,403,94,69,21,2,2,48,39,11.9,9.7,.263,.349,.336,0.685,0.086,.296,27,112,125,2,14,72,591,366,0,261,11,89,6,0,0,2,39,7,314,48,0,53,106,39,20,0,2,0,0,0,0,1,1,3,62,2,0,0,0,0,2,0,0,59,13,1,0,614,4,1019,62,1633,,2,2,0,0,.273,.337,.304,.308,.347,.063,.302,.306,.300,.314,-0.010,.012,-0.004,85.3,12.2,37.3,2,0.6,1.9,28.7,29.3,36.9,2.5,19.4,93.797038645,2.913072645,57.7,7.1,20.6,25,74.4,40,160,47.6,778,64.1,9.4,159,1101,336,1633,92.5,35,493,52.4,855,41.8,11.5,40,25.5,40.1,34.4,314,60.9,46.2,145,19.1,60,28.3,89,6.4,20,,,,,,,,,,,5,1,9,11.1,3,8,37.5,13,14,92.9,8,8,100.0,24,26,92.3,-0.7,0.9,0.9,1.1,33.6,2,4.22,28.1,
Semien, Marcus,543760,2023,32,384,430,104,64,27,2,11,61,40,14.2,9.3,.271,.438,.338,0.776,0.167,.294,56,134,168,1,9,88,592,209,1,308,13,91,2,0,1,1,28,22,327,54,0,83,88,26,26,0,1,0,0,0,0,0,0,4,126,1,0,0,0,0,0,0,0,70,8,1,0,622,4,987,126,1609,,0,5,0,1,.263,.410,.336,.326,.333,.147,.354,.342,.318,.311,.008,.028,.010,88.1,18,36.1,17,5.2,8.6,21.4,34.6,26.6,3.7,37.9,98.190657561,5.240154373,75.8,11.1,21.7,42.9,57.1,76,177,50.7,816,87.3,7.8,173,880,463,1609,88.9,67,601,49.3,793,43.1,18.4,48.4,47.1,31.8,21.1,327,61.1,35.5,116,32.1,105,24.5,80,8,26,,,,,,,,,,,,,,,,,,,,,,,,,,,,,,,,1,4.44,28.6,
Suwinski, Jack,669261,2023,24,243,297,57,27,11,0,19,96,46,32.3,15.5,.235,.514,.360,0.874,0.279,.288,48,112,125,1,7,60,513,277,0,171,8,80,1,0,2,4,11,24,151,22,0,40,27,10,17,0,0,0,5,1,0,0,0,4,133,0,1,0,0,0,0,0,0,40,6,1,0,548,4,743,133,1291,,0,1,0,0,.221,.525,.374,.378,.353,.303,.503,.514,.377,.364,.014,-0.011,-0.004,92.2,24,34.4,28,18.5,10.6,14.6,33.8,17.2,4,51.7,103.871885135,8.52013777,57.7,24.5,16,51.4,48.6,55,107,51.9,670,75.3,6.6,230,692,303,1291,75.2,88,359,48.1,622,44.3,30.7,36.1,44.4,35.1,20.5,151,53.5,25.2,38,42.4,64,21.2,32,11.3,17,,,,,,,,,,,2,0,9,0.0,3,6,50.0,7,11,63.6,15,17,88.2,20,20,100.0,-1.1,-0.3,0,-1.3,33.1,2,4.28,28.6,
Noda, Ryan,676116,2023,27,258,323,59,33,16,1,9,108,59,33.4,18.3,.229,.403,.381,0.784,0.174,.352,36,105,104,1,2,73,544,233,0,214,9,85,1,0,2,5,17,14,151,28,0,34,36,13,9,0,1,1,8,1,0,3,0,1,196,1,0,0,1,0,4,0,0,41,2,0,0,567,1,809,196,1376,,4,0,0,0,.205,.387,.351,.341,.363,.182,.457,.436,.391,.354,.024,.016,.010,90.7,17.9,41.1,20,13.2,10.6,20.5,29.1,21.9,4.6,44.4,102.085221622,7.397320878,65.2,27.3,17.9,68.9,30.3,84,122,49.5,681,86.5,8.1,139,834,356,1376,72.2,124,454,50.5,696,41.6,36.1,41.9,43,29.1,27.8,151,63,35.1,53,31.8,48,27.2,41,6,9,,,,,,,,,,,,,,,,,,,,,,,,,,,,,,,,,4.45,27.4,
Outman, James,681546,2023,26,267,302,63,39,10,3,11,104,26,34.4,8.6,.236,.419,.318,0.737,0.183,.338,40,118,112,1,9,70,406,197,0,172,22,83,0,0,3,7,23,21,165,19,0,34,41,10,17,0,1,0,6,0,0,1,0,2,191,1,0,0,0,0,0,0,1,44,9,0,0,438,2,757,191,1195,,1,1,0,0,.209,.371,.320,.295,.295,.162,.448,.403,.382,.340,.027,.048,.025,88.1,17.4,32.7,17,10.3,3.6,26.7,29.7,23.6,6.1,41.2,100.079094578,6.111623939,68.6,29.9,25.9,65.2,34.8,103,158,51,610,77.6,8.2,165,620,371,1195,70.1,120,402,49,586,41.1,39.8,46.9,46.1,30.3,23.6,165,60.9,38.8,64,33.3,55,17.6,29,10.3,17,,,,,,,,,,,3,2,14,14.3,3,4,75.0,6,11,54.5,15,16,93.8,14,16,87.5,-0.8,0.3,-0.1,-0.6,33.4,1,4.25,28.8,
Muncy, Max,571970,2023,32,248,299,49,22,6,0,21,82,46,27.4,15.4,.198,.476,.331,0.807,0.278,.192,53,132,118,2,1,74,482,276,0,161,7,72,4,0,2,4,8,25,167,16,0,44,44,12,18,0,3,0,0,0,0,2,0,1,142,1,0,1,0,0,0,0,0,47,1,0,0,540,1,758,142,1298,,0,0,1,0,.230,.534,.345,.379,.358,.304,.415,.474,.293,.342,-0.032,-0.058,-0.034,91.1,23.5,31.1,30,18,8.4,17.4,31.1,22.8,2.4,49.1,101.657008452,7.308812934,53.8,21.6,23.1,52.1,47.9,85,163,54.3,706,65.6,6.9,204,619,424,1298,78.4,69,319,45.7,593,42.6,32,37.1,50.9,32.9,16.2,167,57.2,31.1,52,41.3,69,16.8,28,10.8,18,,,,,,,,,,,,,,,,,,,,,,,,,,,,,,,,,4.53,26.6,
Marsh, Brandon,669016,2023,25,258,293,71,44,16,4,7,93,30,31.7,10.2,.275,.450,.349,0.799,0.175,.398,34,97,116,1,5,58,430,227,0,209,14,81,2,0,1,1,30,15,169,26,0,31,47,15,4,0,2,0,5,2,0,0,1,3,119,1,0,0,1,0,1,0,0,32,5,0,0,455,4,750,119,1205,,1,2,0,0,.222,.375,.344,.299,.305,.153,.473,.396,.423,.345,.053,.075,.045,91.5,12.2,36.7,14,8.3,8.9,24.3,24.3,30.2,3.6,48.5,100.998359759,7.135187212,62,16.7,26.2,50,49.4,82,164,52,627,72.3,6.9,169,698,299,1205,82.7,60,359,48,579,42.2,27.2,43.4,36.7,31.4,32,169,60.3,45.6,77,27.2,46,24.9,42,2.4,4,,,,,,,,,,,6,2,20,10.0,3,6,50.0,14,16,87.5,8,8,100.0,15,15,100.0,-0.7,1.5,0.1,0.8,35.4,5,4.3,28.6,
Rooker Jr., Brent,667670,2023,28,260,302,64,35,12,1,16,92,33,30.5,10.9,.246,.485,.341,0.826,0.239,.310,44,119,126,0,2,74,436,194,0,173,19,78,8,0,1,6,12,20,171,31,1,35,52,11,8,0,1,0,6,0,0,41,0,3,194,0,0,0,0,0,0,0,0,32,2,0,0,465,3,763,194,1228,,0,0,1,0,.239,.462,.354,.347,.337,.223,.467,.455,.374,.368,.007,.023,.007,91.3,16.2,35.1,25,14.6,5.8,24,25.1,28.7,1.8,47.4,102.198695233,7.570909474,68.3,29.3,25.4,65.6,34.4,105,160,51.2,629,73.3,6.1,170,708,294,1228,70.7,120,409,48.8,599,42.5,39.5,46.3,39.2,40.4,20.5,171,59.6,37.4,64,32.2,55,25.1,43,5.3,9,,,,,,,,,,,-3,0,3,0.0,0,1,0.0,0,3,0.0,3,4,75.0,2,2,100.0,-1.4,-2.2,-0.4,-4,29.9,,4.64,26.9,
Buxton, Byron,621439,2023,29,259,297,54,26,12,1,15,89,32,30,10.8,.208,.436,.300,0.736,0.228,.247,34,110,113,0,8,55,395,151,0,231,12,73,3,0,0,3,13,15,173,26,0,41,45,12,20,0,1,0,5,0,0,69,0,3,154,0,0,0,0,0,0,0,0,43,8,0,0,419,3,728,154,1147,,0,2,0,0,.220,.434,.316,.328,.314,.214,.404,.423,.312,.336,-0.012,.002,-0.012,90.7,19.4,32.9,24,13.9,7.5,16.8,33.5,25.4,2.9,43.9,101.905496782,7.374789827,73,20.2,28.5,53.9,46.1,90,167,51,585,84.8,6.9,176,613,304,1147,79.8,83,410,49,562,41.8,30,50.3,49.7,32.9,17.3,173,60.1,33.5,58,32.4,56,22.5,39,11.6,20,,,,,,,,,,,,,,,,,,,,,,,,,,,,,,,,18,4.18,29.4,
Casas, Triston,671213,2023,23,249,291,56,32,14,1,9,76,40,26.1,13.7,.225,.398,.330,0.728,0.173,.283,27,139,99,0,0,72,440,179,0,207,15,78,6,0,2,0,13,14,175,28,1,39,53,14,13,0,0,0,4,0,0,3,0,2,123,0,0,0,0,0,0,0,0,34,0,0,0,473,2,706,123,1179,,0,1,0,0,.226,.441,.321,.343,.334,.215,.375,.411,.320,.327,-0.001,-0.043,-0.022,91.6,15.1,30.3,22,12.6,7.4,18.3,29.1,30.9,1.7,47.4,102.801227159,7.993714514,66.8,21.1,23.8,44.4,55.6,64,144,51.4,606,78.8,7.2,239,592,295,1179,78.9,81,383,48.6,573,44.9,27.5,44.7,45.1,36,18.9,175,54.6,37.7,66,30.3,53,24,42,8,14,,,,,,,,,,,,,,,,,,,,,,,,,,,,,,,,,4.71,24.7,
Henderson, Gunnar,683002,2023,22,268,307,66,39,11,3,13,92,37,30,12.1,.246,.455,.342,0.797,0.209,.325,37,115,122,2,5,65,442,227,0,196,8,79,4,0,0,2,22,14,176,30,0,40,55,11,4,0,1,0,2,1,0,7,0,0,139,2,0,0,0,0,3,0,0,43,5,0,0,481,0,752,139,1233,,3,2,0,0,.244,.439,.346,.340,.340,.195,.450,.441,.375,.371,.002,.016,.006,92,12.2,33.5,21,11.9,7.4,26.1,22.2,28.4,4,51.1,102.654628182,8.034800057,61.7,22.4,23.6,46.6,53.4,68,146,50.2,619,79.6,7.5,177,653,327,1233,77.6,85,379,49.8,614,43.5,29.1,42.6,35.2,40.9,23.9,176,61.4,43.8,77,30.7,54,23.3,41,2.3,4,,,,,,,,,,,,,,,,,,,,,,,,,,,,,,,,2,4.25,28.5,
Gorman, Nolan,669357,2023,23,275,312,63,34,12,0,17,99,34,31.7,10.9,.229,.458,.314,0.772,0.229,.286,52,144,126,2,4,72,460,165,0,210,22,81,2,0,3,1,10,22,178,31,0,44,42,14,15,0,1,0,6,0,0,26,0,2,182,2,0,0,0,0,1,0,0,36,3,1,0,484,2,769,182,1253,,1,0,0,0,.231,.468,.332,.340,.319,.237,.446,.462,.354,.362,-0.002,-0.010,-0.008,90.9,22.1,37.6,24,13.5,6.7,26.4,31.5,18.5,2.8,49.4,101.744278652,7.441351356,72,27,27.3,55.5,44,101,182,53.2,666,91.6,6.6,227,696,287,1253,73,114,422,46.8,586,43,35.6,48.2,42.7,29.8,27.5,178,57.4,29.2,52,37.1,66,25.3,45,8.4,15,,,,,,,,,,,,,,,,,,,,,,,,,,,,,,,,,4.46,26.5,
Cooper, Garrett,643265,2023,32,263,281,69,46,10,1,12,81,16,28.8,5.7,.262,.445,.306,0.751,0.183,.333,43,104,117,0,0,67,344,178,0,216,13,70,7,0,1,1,16,18,183,35,0,31,58,18,6,0,0,0,2,0,0,23,0,1,151,0,0,0,0,0,0,0,0,26,0,0,0,357,1,751,151,1108,,0,2,0,0,.253,.435,.323,.317,.299,.182,.432,.422,.377,.366,.009,.010,.006,90,13.8,42.6,19,10.4,8.2,29,22.4,27.3,2.7,43.2,100.726942283,6.565495519,65.8,19.9,38.5,47.1,52.9,104,221,51.8,574,74.4,7.8,62,662,332,1108,80.1,70,352,48.2,535,41.9,30.4,51.7,30.1,39.9,30.1,183,68,40.4,74,26.8,49,29.5,54,3.3,6,,,,,,,,,,,,,,,,,,,,,,,,,,,,,,,,,4.65,26.1,
Peterson, Jace,607054,2023,33,249,285,52,39,6,2,5,68,30,23.9,10.5,.209,.309,.299,0.608,0.100,.264,22,97,77,1,9,48,381,241,0,178,12,79,6,0,0,3,19,10,184,22,1,41,62,11,16,0,1,0,9,0,0,1,1,2,97,1,0,0,2,0,1,0,0,25,9,0,0,409,3,730,97,1139,,1,0,0,0,.215,.345,.274,.291,.306,.130,.302,.329,.284,.295,-0.006,-0.036,-0.017,85.8,14.4,35.3,11,6,6,20.7,30.4,30.4,6,28.3,96.920520556,4.460260278,60.5,16.4,23,45.5,50.4,56,123,46.9,535,70.7,8.7,175,620,290,1139,82,60,366,53.1,605,43.2,23.7,42.9,33.2,37.5,29.3,184,61.8,44,81,27.7,51,19,35,9.2,17,,,,,,,,,,,,,,,,,,,,,,,,,,,,,,,,,4.32,27.9,
Langeliers, Shea,669127,2023,25,268,293,55,33,11,1,10,86,19,29.4,6.5,.205,.366,.267,0.633,0.161,.260,33,124,98,1,1,61,340,171,0,210,4,79,8,0,0,4,19,15,184,21,0,36,49,12,32,0,2,0,0,1,0,7,1,1,179,1,0,0,0,0,0,0,0,30,1,0,0,370,2,750,179,1120,,0,1,0,0,.200,.365,.274,.272,.262,.165,.354,.351,.301,.292,.005,.001,.002,89.2,20.5,28.3,19,10.3,7.1,16.3,35.9,26.6,3.8,38.6,100.699392826,6.530200109,69.9,24,32.7,49.7,50.3,89,179,48.9,548,75.6,7.7,147,612,301,1120,76,96,400,51.1,572,44.8,32,51.7,47.3,27.7,25,184,65.3,37,68,27.7,51,17.9,33,17.4,32,41,1.91,1.89,1.93,4,1.49,1.44,1.65,0.7,87.2,,,,,,,,,,,,,,,,,,,,,,,4.5,28.6,
Wiemer Jr., Joey,686894,2023,24,269,303,57,31,14,0,12,87,28,28.7,9.2,.212,.398,.294,0.692,0.186,.262,33,122,107,3,11,62,393,200,0,179,7,89,3,0,0,4,21,13,184,23,0,47,58,8,14,0,0,0,12,0,0,0,0,2,170,2,1,0,0,0,1,0,0,38,9,2,0,429,2,751,170,1180,,1,2,2,0,.212,.403,.302,.306,.294,.191,.376,.382,.310,.311,.000,-0.005,-0.004,88.9,12.8,31.5,21,11.4,4.3,17.9,28.3,35.3,2.7,37.5,99.367393804,5.791339674,66.2,25.4,28.8,52.5,47.5,93,177,52.1,615,79.2,6.5,137,540,430,1180,74.6,95,374,47.9,565,41.9,34.1,46.7,39.7,39.7,20.7,184,59.7,42.9,79,32.6,60,16.8,31,7.6,14,,,,,,,,,,,7,2,10,20.0,7,9,77.8,12,17,70.6,19,21,90.5,18,18,100.0,2,1.4,-1.2,2.2,36.5,,4.26,28.9,
Grisham, Trent,663757,2023,26,277,324,58,29,20,1,8,92,42,28.4,13,.209,.375,.320,0.695,0.166,.282,25,124,104,3,8,66,505,232,1,212,19,86,4,0,1,3,15,10,186,32,1,45,52,11,19,0,0,0,2,0,0,0,1,0,154,3,0,0,0,0,2,0,0,37,8,0,0,531,1,818,154,1349,,2,2,0,1,.224,.435,.310,.338,.333,.211,.370,.418,.314,.336,-0.015,-0.060,-0.028,91.5,20,31.2,27,14.5,7.5,19.9,28,22.6,7.5,41.4,101.546331667,7.444575698,62.7,24.9,23.9,47.5,51.2,76,160,49.7,670,84.2,7.5,162,781,354,1349,74.2,106,426,50.3,679,42.9,31.1,43.4,44.1,31.7,24.2,186,52.8,36,67,29.6,55,23.7,44,10.8,20,,,,,,,,,,,4,0,5,0.0,1,2,50.0,17,21,81.0,7,8,87.5,15,15,100.0,1.4,0.3,-1,0.7,35.4,,4.47,27.8,
Conforto, Michael,624424,2023,30,259,299,61,40,8,0,13,74,34,24.7,11.4,.236,.417,.328,0.745,0.181,.274,44,130,108,0,2,73,444,199,0,225,10,77,7,0,0,3,17,18,188,26,0,29,74,14,9,0,1,0,4,0,0,8,0,3,130,0,0,0,0,0,0,0,0,41,2,0,0,478,3,757,130,1235,,0,0,0,0,.244,.417,.325,.333,.339,.173,.381,.395,.324,.342,-0.008,.000,-0.008,90,10.6,31.4,16,8.5,8,23.9,22.3,32.4,3.7,44.1,100.984024301,6.786219624,68.7,18.3,24.4,45,55,72,160,53.1,656,76.1,7.1,211,669,307,1235,81.7,73,398,46.9,579,43,26,45.2,33.5,43.1,23.4,188,62.1,48.4,91,25,47,21.8,41,4.8,9,,,,,,,,,,,-3,0,15,0.0,1,1,100.0,3,6,50.0,5,9,55.6,6,6,100.0,-0.3,-0.2,0.1,-0.4,31.2,,4.63,26.1,
Raleigh, Cal,663728,2023,26,265,294,59,34,13,1,11,76,29,25.9,9.9,.223,.404,.299,0.703,0.181,.270,35,141,107,0,0,75,413,154,0,239,9,77,2,0,1,0,16,13,189,30,0,47,52,10,21,0,1,0,0,0,0,7,0,0,154,0,0,0,0,0,0,0,0,37,0,0,0,442,0,753,154,1195,,0,2,1,0,.235,.449,.306,.328,.311,.214,.371,.405,.312,.330,-0.012,-0.045,-0.022,89.1,18.8,36,22,11.6,7.9,19.6,32.3,25.9,2.1,39.7,101.27456117,6.72469984,71.9,20.9,30.5,44.8,55.2,86,192,52.6,629,80,6.7,224,637,300,1195,79.1,85,407,47.4,566,41.8,28.5,50.1,48.1,29.6,22.2,189,57.5,36,68,31.7,60,21.2,40,11.1,21,34,1.96,1.96,1.96,4,1.47,1.47,,0.68,83.9,,,,,,,,,,,,,,,,,,,,,,,4.49,27.1,
Suzuki, Seiya,673548,2023,28,259,298,67,45,13,2,7,73,33,24.5,11.1,.259,.405,.342,0.747,0.146,.328,28,139,105,5,1,75,468,272,0,201,9,71,5,0,0,2,27,9,190,31,0,34,58,20,8,0,1,0,0,1,0,3,0,4,89,4,1,0,0,0,0,0,0,28,0,1,0,503,4,768,89,1271,,0,1,0,0,.260,.398,.327,.330,.347,.137,.386,.391,.353,.360,-0.001,.007,-0.003,92.1,10.9,30.5,17,8.9,5.3,28.9,22.1,31.6,3.2,50,102.419338632,7.852300263,58.3,14.9,18.5,42.1,57.9,48,114,48.5,616,71.4,7.7,133,716,345,1271,85.1,57,382,51.5,655,41.6,21.2,39,38.9,41.1,20,190,58.6,44.7,85,22.6,43,28.4,54,4.2,8,,,,,,,,,,,1,0,7,0.0,0,1,0.0,10,13,76.9,6,7,85.7,8,8,100.0,0.8,1.9,-0.1,2.7,36.9,2,4.34,28.4,
Tellez, Rowdy,642133,2023,28,258,288,55,35,7,1,12,69,27,24,9.4,.213,.388,.285,0.673,0.175,.239,36,120,100,0,0,65,436,294,0,182,7,79,9,0,0,0,9,13,192,33,0,46,62,11,16,0,2,0,9,0,1,10,0,3,86,0,0,0,1,0,0,0,0,23,0,0,0,470,3,767,86,1237,,0,2,0,0,.234,.377,.290,.301,.306,.143,.341,.357,.286,.319,-0.021,.011,-0.011,89.3,15.7,35.9,16,8.3,8.9,22.4,30.7,26,3.1,38.5,100.711224583,6.637863194,51.4,13.1,24.8,37.3,62.7,57,153,49.8,616,61.3,6.5,255,653,284,1237,86.9,42,320,50.2,622,43.9,20.9,38.2,35.4,40.6,24,192,57.8,37,71,30.7,59,24,46,8.3,16,,,,,,,,,,,,,,,,,,,,,,,,,,,,,,,,,4.82,23.3,
Mullins II, Cedric,656775,2023,28,246,285,61,34,16,3,8,58,35,20.4,12.3,.248,.435,.339,0.774,0.187,.291,45,84,107,3,13,60,401,188,0,228,16,67,3,0,1,0,20,11,192,30,0,48,51,7,25,0,0,0,0,0,1,2,2,2,115,3,0,0,0,0,0,0,0,31,12,1,0,419,4,746,115,1165,,0,0,0,0,.232,.362,.337,.309,.326,.130,.374,.331,.321,.301,.016,.073,.028,89.4,22.3,27.6,12,6.3,3.1,26,37,24,3.6,37.5,98.531906702,5.397347326,70.5,20.6,22.9,35.4,63,45,127,47.6,554,82.2,8.7,127,714,252,1165,78.9,89,431,52.4,611,40.5,24,47.9,45.3,37.5,17.2,192,64.9,37,71,30.7,59,19.3,37,13,25,,,,,,,,,,,4,0,8,0.0,2,4,50.0,7,9,77.8,13,14,92.9,11,12,91.7,-0.9,0.4,0.8,0.2,34.4,,4.3,27.9,
Kelenic, Jarred,672284,2023,23,306,341,75,40,22,2,11,113,32,33.1,9.4,.245,.438,.317,0.755,0.193,.348,41,124,134,4,11,69,459,211,0,228,23,84,5,0,0,1,22,17,195,36,0,30,66,19,5,0,3,0,3,0,0,3,0,2,185,4,0,0,1,0,1,0,0,40,11,0,0,507,2,845,185,1352,,1,2,0,0,.255,.441,.323,.331,.326,.185,.453,.467,.385,.402,-0.010,-0.003,-0.008,91.7,9.4,36.9,21,10.8,10.8,29.2,16.4,30.3,2.1,49.2,102.188381649,7.70960933,67,23.2,27.9,56.2,43.8,109,194,51.4,696,73.9,6.5,259,579,447,1352,76.8,102,440,48.6,657,43.6,33.3,46.9,40,37.4,22.6,195,58.3,45.1,88,24.1,47,28.2,55,2.6,5,,,,,,,,,,,1,0,8,0.0,1,3,33.3,5,7,71.4,14,15,93.3,12,13,92.3,-0.3,0.9,-0.4,0.1,33.2,1,4.33,28.1,
Anderson, Brian,605119,2023,30,292,334,67,45,11,2,9,99,35,29.6,10.5,.229,.373,.317,0.690,0.144,.310,38,120,109,3,0,65,460,213,0,235,21,85,9,0,1,4,21,17,196,29,0,27,74,14,13,0,0,0,3,0,0,4,0,3,178,3,0,0,0,0,0,0,0,35,0,0,0,481,3,852,178,1333,,0,2,0,0,.229,.387,.306,.319,.322,.158,.382,.405,.342,.350,.000,-0.014,-0.013,87,9.4,34.2,21,10.7,4.6,24,20.9,34.2,5.1,35.2,99.288189082,5.736360359,68.4,23.6,27,55.6,44.4,99,178,49.4,659,79.8,8.6,175,746,357,1333,76.4,109,461,50.6,674,42.4,32.6,47.9,29.1,43.4,27.6,196,65.9,48.5,95,22.4,44,22.4,44,6.6,13,,,,,,,,,,,-2,0,4,0.0,0,1,0.0,1,2,50.0,2,3,66.7,4,4,100.0,0.2,0.2,0.5,0.9,36,,4.64,26.3,
McKinstry, Zach,656716,2023,28,247,281,61,44,10,1,6,55,28,19.6,10,.247,.368,.326,0.694,0.121,.293,22,87,91,1,11,48,387,173,0,218,12,81,1,0,0,2,19,14,196,28,0,54,49,20,12,0,0,0,14,0,0,1,2,2,75,1,0,0,0,0,0,0,0,36,10,1,0,405,4,689,75,1094,,0,1,0,0,.258,.411,.309,.329,.336,.153,.336,.365,.314,.329,-0.011,-0.043,-0.020,87.4,18.9,36.2,17,8.7,6.6,23,32.1,24,5.6,36.7,98.692596907,5.435029485,69.7,11.7,26.1,37.2,62.8,55,148,51.7,566,79.1,8.3,177,672,227,1094,87.2,43,368,48.3,528,41.2,19,47.2,29.1,42.9,28.1,196,58.7,34.7,68,34.7,68,24.5,48,6.1,12,,,,,,,,,,,0,0,3,0.0,2,6,33.3,2,4,50.0,10,11,90.9,3,3,100.0,0.4,0.9,-0.2,1,34.5,1,4.26,28.5,
Martinez, J.D.,502110,2023,35,286,314,73,29,20,2,22,95,20,30.3,6.4,.255,.570,.303,0.873,0.315,.291,62,136,163,0,1,71,373,165,0,227,15,73,7,0,0,2,13,29,197,31,0,48,55,14,6,0,1,0,0,0,0,71,0,6,197,0,0,0,1,0,0,0,0,43,1,0,0,409,6,809,197,1218,,0,2,0,0,.277,.577,.361,.382,.327,.300,.499,.533,.371,.409,-0.022,-0.007,-0.021,92.9,17.8,42.1,36,18.3,10.2,24.9,21.3,22.3,3,54.8,103.103627071,8.499881421,75.6,25.4,31.6,53.8,46.2,107,199,51.6,629,88,6.8,114,659,383,1218,74.6,113,445,48.4,589,44.3,34.2,52.9,41.6,34,24.4,197,68.1,34.5,68,39.1,77,23.4,46,3,6,,,,,,,,,,,,,,,,,,,,,,,,,,,,,,,,,4.71,26.1,
Ozuna, Marcell,542303,2023,32,264,294,66,40,9,0,17,68,28,23.1,9.5,.250,.477,.323,0.800,0.227,.272,40,115,126,0,0,60,401,168,0,219,7,73,6,0,1,1,22,20,197,24,0,41,69,11,10,0,1,0,3,0,0,70,0,1,149,0,0,0,0,0,0,0,0,36,0,0,0,426,1,747,149,1173,,0,2,0,0,.260,.527,.343,.371,.335,.267,.411,.454,.335,.353,-0.010,-0.050,-0.028,90.9,13.2,28.4,28,14.2,5.1,21.8,21.8,33,3.6,45.7,102.761220714,7.804472602,70.4,19.8,29.2,47.4,52.6,83,175,51.1,600,89.3,7.2,131,579,409,1173,80.2,80,404,48.9,574,41.1,28.2,49.4,44.2,30.5,25.4,197,58.7,46.2,91,31,61,17.8,35,5.1,10,,,,,,,,,,,,,,,,,,,,,,,,,,,,,,,,,4.76,26.3,
Davis, J.D.,605204,2023,30,282,321,78,52,14,1,11,88,30,27.4,9.3,.277,.450,.350,0.800,0.173,.358,46,136,127,0,1,86,419,132,1,233,17,84,11,0,0,4,30,12,198,36,0,30,70,13,6,0,0,0,1,2,0,11,0,4,188,0,0,0,0,0,0,0,0,37,1,0,0,451,4,775,188,1226,,0,1,0,1,.264,.448,.347,.349,.343,.184,.441,.443,.394,.383,.013,.002,-0.002,91.8,8.3,37.4,20,10.1,6.6,28.8,15.2,34.8,4.5,50,102.084601717,7.698686717,78.2,25.5,25.4,57.2,42.8,87,152,48.8,598,88.9,8.1,85,757,303,1226,74.5,125,491,51.2,628,42.1,33,52.4,38.9,35.4,25.8,198,66.4,50.5,100,21.2,42,25.3,50,3,6,,,,,,,,,,,,,,,,,,,,,,,,,,,,,,,,,4.78,25.6,
Vargas, Miguel,678246,2023,23,256,304,50,24,15,4,7,61,38,20.1,12.5,.195,.367,.305,0.672,0.172,.224,32,130,94,2,3,70,443,200,1,215,15,81,1,0,1,4,11,12,200,27,0,51,65,16,18,0,1,0,3,0,0,1,1,4,102,2,0,0,1,0,2,1,0,36,3,0,0,470,5,734,102,1204,,3,2,0,1,.211,.352,.296,.305,.321,.141,.304,.317,.251,.277,-0.016,.015,-0.009,86.8,16.6,32,12,6,7.5,18.5,35,27.5,5.5,31.5,97.543796,4.819102111,68.2,17.4,20.8,38.1,61.9,48,126,50.4,607,84.1,6.8,131,776,233,1204,82.6,71,408,49.6,598,44.3,22.3,44.4,37,36,27,200,57.8,38,76,31.5,63,21.5,43,9,18,,,,,,,,,,,,,,,,,,,,,,,,,,,,,,,,,4.32,27.9,
Smith, Will,669257,2023,28,233,288,65,42,9,1,13,39,44,13.5,15.3,.279,.494,.396,0.890,0.215,.278,46,101,115,0,1,64,459,208,0,212,11,66,3,0,0,5,20,18,200,25,2,48,60,17,9,0,0,0,0,0,0,5,0,6,77,0,0,0,1,0,1,0,0,44,1,0,0,488,6,712,77,1200,,1,2,0,0,.268,.461,.384,.376,.391,.193,.381,.371,.325,.318,.011,.033,.008,89.4,14.4,36,16,8,8.5,23,29,29,2,39,99.6165976,6.010718995,65.4,15.1,21,27.1,72.9,36,133,52.8,634,80,5.8,99,728,320,1200,84.9,56,371,47.2,567,43.4,18.3,42,35.5,35.5,29,200,54.9,40,80,33,66,21.5,43,5.5,11,38,1.9,1.9,1.93,4,1.53,1.55,1.46,0.61,82.9,,,,,,,,,,,,,,,,,,,,,,,4.59,26.8,
McCutchen, Andrew,457705,2023,36,261,316,70,49,11,0,10,64,49,20.3,15.5,.268,.425,.383,0.808,0.157,.314,28,103,111,3,9,53,497,233,0,199,11,74,3,0,1,2,24,13,201,32,1,48,57,18,7,0,1,0,5,0,0,63,0,4,138,2,0,1,0,0,2,0,0,38,8,1,0,534,4,785,138,1319,,2,0,0,0,.263,.416,.356,.357,.383,.153,.385,.386,.348,.348,.005,.009,-0.001,89.9,13.6,34.8,15,7.5,7.5,26.4,26.9,26.9,4.5,44.8,100.2202758,6.621773,65.2,19.5,18.5,55.7,44.3,68,122,49.9,658,79.6,7.8,157,741,352,1319,80.5,84,430,50.1,660,45.3,27.5,41.8,47.8,27.9,24.4,201,59.4,40.3,81,30.3,61,25.4,51,4,8,,,,,,,,,,,1,0,2,0.0,0,0,,1,1,100.0,2,2,100.0,1,1,100.0,0.4,1.8,0.6,2.8,37.7,,4.45,28.4,
Rosario, Eddie,592696,2023,31,272,294,69,38,15,2,14,71,21,24.1,7.1,.254,.478,.306,0.784,0.224,.293,43,132,130,3,1,68,302,143,0,240,10,79,7,0,0,0,19,19,202,31,0,35,59,22,17,0,1,0,18,0,0,10,0,1,150,2,1,0,0,0,0,0,0,37,1,0,0,328,1,767,150,1095,,0,0,0,0,.250,.443,.334,.321,.303,.193,.415,.396,.342,.337,.004,.035,.013,89.2,15.5,37.1,22,10.9,6.4,24.3,26.7,29.7,2,38.6,99.071177624,5.716198358,73.6,22.9,41.4,37.9,62.1,89,235,51.8,567,78,7.5,217,506,335,1095,76,89,388,48.2,527,40.7,28.5,57,44.1,35.6,20.3,202,63.1,38.6,78,26.7,54,26.2,53,8.4,17,,,,,,,,,,,-1,1,15,6.7,1,6,16.7,8,15,53.3,8,9,88.9,10,10,100.0,-0.1,-0.2,-0.1,-0.3,33.9,,4.28,27.6,
Contreras, William,661388,2023,25,260,295,68,44,14,1,9,58,30,19.7,10.2,.262,.427,.346,0.773,0.165,.304,32,116,111,0,1,56,398,227,0,157,11,71,10,0,3,4,25,12,203,31,0,27,88,11,9,0,0,0,0,0,0,12,0,1,104,0,0,0,0,0,0,0,0,39,1,0,0,440,1,711,104,1151,,0,2,0,0,.254,.444,.339,.344,.339,.191,.375,.383,.335,.326,.008,-0.017,-0.005,90.6,3.2,27.6,19,9.4,6.9,17.7,15.8,45.8,3.9,47.3,102.789459208,7.703862228,61.1,18.2,24.1,43.4,56.6,62,143,51.5,593,73.1,8.1,155,591,323,1151,81.8,62,341,48.5,558,42.5,25.6,42.1,33.5,38.4,28.1,203,61.4,55.7,113,19.2,39,20.7,42,4.4,9,27,1.93,1.94,1.91,0,,,,0.64,82.1,,,,,,,,,,,,,,,,,,,,,,,4.48,26.4,
Trout, Mike,545361,2023,31,304,358,80,47,14,1,18,103,45,28.8,12.6,.263,.493,.369,0.862,0.230,.335,44,131,150,0,2,70,605,218,0,278,31,81,3,0,2,7,20,25,203,33,2,41,47,20,14,0,2,0,2,0,0,2,0,2,160,0,0,0,0,0,0,0,0,54,1,1,0,638,2,896,160,1534,,0,0,0,0,.274,.526,.371,.391,.381,.252,.478,.514,.394,.416,-0.011,-0.033,-0.020,92.1,19.2,38.4,33,16.3,5.9,29.6,25.1,18.2,4.9,52.7,104.316237843,8.795059261,69.9,23.8,19.6,47.7,52.3,73,153,50.9,782,82.5,6.7,108,1026,327,1535,76.2,125,526,49.1,753,41.3,29.2,44.2,43.8,29.6,26.6,203,51.4,33,67,32.5,66,26.6,54,7.9,16,,,,,,,,,,,4,1,20,5.0,1,5,20.0,4,6,66.7,17,17,100.0,15,15,100.0,0,0.9,-0.3,0.6,35,20,4.32,29.4,
Wade Jr., LaMonte,664774,2023,29,258,320,71,48,13,1,9,58,53,18.1,16.6,.275,.438,.404,0.842,0.163,.321,28,79,113,0,2,46,535,261,0,191,7,80,2,0,1,4,21,17,205,33,0,40,67,15,12,0,1,0,8,2,0,0,3,2,91,0,0,0,1,0,0,0,0,40,2,0,0,567,5,767,91,1334,,0,2,0,0,.268,.473,.372,.382,.399,.204,.389,.403,.351,.344,.007,-0.035,-0.010,88.2,14.5,34.1,22,10.7,5.4,24.9,23.4,25.9,9.3,43.4,99.876715556,6.228403909,60.7,13.1,16.8,43.1,51.7,50,116,51.8,690,71,7,221,767,301,1334,86.2,51,390,48.2,643,42.8,20,37.9,41,31.7,27.3,205,59.9,42.9,88,27.8,57,23.4,48,5.9,12,,,,,,,,,,,-1,0,1,0.0,0,2,0.0,0,1,0.0,0,0,,0,0,,,,,,,,4.64,26.1,
Melendez Jr., MJ,669004,2023,24,306,346,63,38,17,2,6,103,35,29.8,10.1,.206,.333,.289,0.622,0.127,.285,31,110,102,2,4,63,472,226,0,215,18,84,3,0,0,2,22,10,206,31,0,68,47,18,10,0,0,0,0,0,0,3,0,3,214,2,0,0,0,0,1,0,0,34,4,0,0,499,3,890,214,1389,,1,4,0,0,.222,.399,.277,.311,.305,.177,.341,.396,.306,.333,-0.016,-0.066,-0.034,93,18.1,32,23,11.2,9.2,25.2,30.6,21.8,1.9,51,101.382185243,7.658619126,67.2,29.9,28.2,52.3,47.7,102,195,49.7,691,84.4,6.9,191,781,352,1389,69.9,140,469,50.3,698,44.3,36.4,47.8,40.8,37.4,21.8,206,65.9,33.5,69,37.9,78,23.8,49,4.9,10,3,2.1,2.1,,1,1.6,1.6,,0.79,79.7,-5,0,17,0.0,0,5,0.0,7,10,70.0,8,9,88.9,12,16,75.0,-1.2,-1.1,0.1,-1.8,31.2,,4.26,27.5,
Drury, Brandon,592273,2023,30,282,307,78,45,17,2,14,80,16,26.1,5.2,.277,.500,.322,0.822,0.223,.333,45,130,141,2,0,66,354,186,0,205,15,75,9,0,0,5,28,18,206,31,1,41,59,15,11,0,0,1,0,0,0,0,0,4,148,2,0,0,0,0,0,0,0,36,0,0,0,390,4,769,148,1159,,0,1,0,0,.252,.439,.349,.321,.302,.187,.449,.407,.379,.349,.025,.061,.028,89.9,12.9,35,24,11.7,6.3,24.3,23.3,30.6,3.4,46.1,101.527650291,6.984013317,67.1,19.4,34.5,47.8,52.2,99,207,51.7,600,82.5,6.9,78,628,374,1159,80.6,73,376,48.3,560,43.7,29.5,50.3,41.3,34,24.8,206,61.2,42.2,87,28.6,59,23.3,48,5.8,12,,,,,,,,,,,,,,,,,,,,,,,,,,,,,,,,,4.54,27.1,
Paredes, Isaac,670623,2023,24,260,305,69,39,14,0,16,54,33,17.7,10.8,.265,.504,.370,0.874,0.239,.277,56,129,131,0,1,79,445,226,0,248,5,80,4,0,2,11,19,19,207,31,0,36,52,18,32,0,0,0,4,0,1,0,0,1,80,0,0,0,0,0,0,0,0,43,1,0,0,484,1,777,80,1261,,0,0,1,0,.220,.354,.378,.311,.332,.134,.407,.308,.333,.276,.045,.150,.067,87.2,21,30,12,5.8,4.8,24.6,35.7,24.6,3.9,29,96.865757379,4.489910146,64.6,9.8,26.6,32.6,67.4,60,184,55,693,72.5,6.3,127,699,362,1261,90.2,36,367,45,568,42.8,17.4,43.7,50.2,28.5,21.3,207,59,34.3,71,26.6,55,23.7,49,15.5,32,,,,,,,,,,,,,,,,,,,,,,,,,,,,,,,,,4.85,25.6,
LeMahieu, DJ,518934,2023,34,277,305,61,39,13,2,7,71,24,23.3,7.9,.220,.357,.285,0.642,0.137,.269,27,119,99,2,0,60,385,267,0,178,13,76,7,0,0,2,22,8,208,31,0,26,94,14,13,0,1,0,0,0,0,4,0,2,83,2,0,0,0,0,0,0,0,28,0,0,0,402,2,752,83,1154,,0,1,1,0,.247,.379,.281,.305,.311,.133,.327,.362,.293,.330,-0.027,-0.022,-0.024,90.2,5.4,30.3,11,5.3,7.2,27.4,15.4,42.8,1.9,44.7,100.603330481,6.56629715,56.4,13,25.8,37.9,61.4,53,140,47,542,67.7,8.3,105,732,248,1154,87,45,345,53,612,44.9,20.2,42,31.3,42.3,26.4,208,59.9,55.8,116,16.3,34,21.6,45,6.3,13,,,,,,,,,,,,,,,,,,,,,,,,,,,,,,,,,4.85,25.7,
Contreras, Willson,575929,2023,31,279,320,67,37,20,0,10,72,31,22.5,9.7,.240,.419,.334,0.753,0.179,.288,36,128,117,2,5,66,412,171,0,237,10,79,10,0,1,9,21,16,208,30,0,35,78,14,14,0,0,0,2,0,0,19,0,1,153,1,1,0,0,0,0,1,0,35,2,3,0,454,1,788,153,1242,,1,5,0,0,.267,.474,.331,.363,.358,.206,.375,.424,.322,.359,-0.027,-0.055,-0.032,91.5,10.7,35.1,24,11.5,7.7,19.7,21.2,35.1,4.3,46.6,103.497254327,8.307028068,70.8,16.8,31.7,48.8,51.2,104,213,54,671,73,7.2,143,676,355,1242,83.2,68,404,46,571,40.6,27.9,49.7,34.6,38.5,26.9,208,58.1,47.6,99,24.5,51,21.2,44,6.7,14,22,1.93,1.91,1.95,1,1.47,1.47,,0.7,86.6,,,,,,,,,,,,,,,,,,,,,,,4.52,26.9,
Kim, Ha-Seong,673490,2023,27,275,321,71,49,12,0,10,73,38,22.7,11.8,.258,.411,.349,0.760,0.153,.313,31,116,113,4,16,63,523,333,0,225,12,85,4,0,1,2,19,14,208,37,1,42,64,13,17,0,0,0,4,2,0,0,3,3,91,3,0,1,1,0,0,1,1,44,14,2,0,543,6,877,91,1420,,2,3,1,0,.245,.381,.335,.322,.340,.136,.383,.364,.346,.332,.013,.030,.013,86.8,14.4,36.5,12,5.8,5.3,26.4,28.4,27.9,5.8,29.3,97.300358713,4.660283218,55.8,16.6,19.1,30.2,69.8,39,129,47.6,676,61,8.7,103,871,391,1420,82.7,69,415,52.4,744,46.1,19.9,38.3,44.7,38.9,16.3,208,56.7,39.9,83,26.9,56,24.5,51,8.7,18,,,,,,,,,,,,,,,,,,,,,,,,,,,,,,,,1,4.33,28.5,
Volpe, Anthony,683011,2023,22,306,339,66,40,10,3,13,98,30,28.9,8.8,.216,.395,.287,0.682,0.179,.270,33,104,121,2,16,61,433,201,0,234,13,91,7,0,0,1,16,19,210,31,0,40,71,22,11,0,0,0,0,1,0,0,1,1,163,2,0,0,1,0,2,0,0,38,10,6,0,454,2,832,163,1286,,2,1,1,0,.233,.411,.297,.315,.305,.177,.377,.406,.316,.345,-0.017,-0.016,-0.018,89.6,13.8,37.1,19,9,9.5,23.8,21.4,30,6.2,45.7,99.957281068,6.418987913,69,18.9,29.5,53.1,45.8,102,192,50.5,650,78,8.5,127,709,372,1286,81.1,83,439,49.5,636,39,29.3,49.1,44.3,31.9,23.8,210,64.3,41.4,87,28.1,59,25.2,53,5.2,11,,,,,,,,,,,,,,,,,,,,,,,,,,,,,,,,,4.4,28.5,
Stephenson, Tyler,663886,2023,26,303,344,77,56,13,1,7,93,36,27,10.5,.254,.373,.340,0.713,0.119,.343,37,153,113,1,0,103,510,279,0,192,16,86,9,0,0,4,20,15,211,42,0,33,75,17,8,0,1,0,0,0,0,41,0,1,155,1,0,0,0,0,0,0,0,41,0,0,0,555,1,855,155,1410,,0,5,0,0,.241,.381,.317,.318,.331,.139,.386,.387,.365,.350,.013,-0.008,-0.001,88,9.1,36.5,15,7.1,9,29.4,18,31.3,4.7,41.4,99.287424286,5.887182381,58.4,20.4,24.4,52,48,92,177,51.6,726,72.4,7,149,838,332,1410,79.6,81,398,48.4,681,42.8,30,40.9,36,34.6,29.4,211,62.7,45,95,22.7,48,28.4,60,3.8,8,11,1.97,1.99,1.94,2,1.5,1.5,,0.68,82.1,,,,,,,,,,,,,,,,,,,,,,,4.62,26.8,
McMahon, Ryan,641857,2023,28,323,364,84,47,20,3,14,113,39,31,10.7,.260,.471,.341,0.812,0.211,.355,45,155,152,3,5,75,564,244,0,297,16,88,11,0,0,1,24,22,211,38,0,36,69,18,4,0,1,0,0,2,0,0,0,1,200,3,0,0,1,0,1,0,0,47,4,1,0,601,1,980,200,1581,,1,1,0,0,.253,.463,.349,.345,.335,.210,.472,.465,.398,.388,.007,.008,.004,92,11,40.8,27,12.8,5.2,32.2,19.4,27.5,2.8,47.9,102.690387358,7.853844455,68,24.6,23.6,50.6,49.4,91,180,48.3,763,80,7.3,194,944,404,1581,75.4,137,556,51.7,818,44.1,31,46.6,33.6,39.3,27,211,59.5,44.1,93,27.5,58,26.5,56,1.9,4,,,,,,,,,,,,,,,,,,,,,,,,,,,,,,,,,4.63,25.9,
Realmuto, J.T.,592663,2023,32,285,315,71,36,20,5,10,76,21,24.1,6.7,.249,.460,.307,0.767,0.211,.302,34,145,131,3,10,76,383,185,2,223,13,79,5,0,0,4,14,17,213,39,1,41,66,13,21,0,2,0,3,0,0,0,0,3,136,2,1,0,3,0,0,0,0,37,6,4,0,414,3,775,136,1189,,0,5,0,2,.254,.464,.325,.332,.312,.209,.401,.411,.335,.343,-0.005,-0.004,-0.007,89.2,15.6,37.7,24,11.3,6.1,22.2,26.9,30.2,3.3,41,100.879279151,6.661047547,68.8,18.2,30.7,43.7,56.3,80,183,50.2,597,79.8,7.9,146,636,355,1189,81.6,74,407,49.8,592,43.1,26.1,49.6,41.5,36.8,21.7,212,57.5,37.7,80,27.4,58,24.5,52,10.4,22,29,1.82,1.81,1.82,2,1.4,1.4,,0.61,86.4,,,,,,,,,,,,,,,,,,,,,,1,4.34,28.6,
Estrada, Thairo,642731,2023,27,290,315,79,51,18,1,9,77,15,24.4,4.8,.272,.434,.327,0.761,0.162,.341,31,135,126,4,18,66,314,204,0,246,5,70,6,0,1,9,26,15,214,38,0,45,65,17,8,0,1,0,0,0,0,2,0,1,103,2,1,1,0,0,0,0,0,46,18,0,0,348,1,788,103,1136,,0,3,0,0,.240,.378,.330,.298,.298,.139,.408,.361,.369,.326,.032,.056,.032,86.2,11.9,38.3,12,5.6,5.1,24.8,25.7,30.8,7.5,34.1,97.901125524,4.965164,65.4,10.6,38.5,35.7,63.4,81,227,51.9,590,70.7,6.6,123,617,315,1136,88.5,38,357,48.1,546,43.7,20.4,51.4,42.5,33.6,23.8,214,67.2,42.5,91,28,60,25.7,55,3.7,8,,,,,,,,,,,,,,,,,,,,,,,,,,,,,,,,,4.32,28.3,
Schwarber, Kyle,656941,2023,30,331,393,61,27,11,1,22,117,58,29.8,14.8,.184,.423,.313,0.736,0.239,.203,49,138,140,1,0,71,612,301,0,229,13,89,3,0,0,4,11,20,214,30,0,44,67,18,24,0,3,0,0,0,0,21,0,0,203,1,0,0,0,0,0,0,0,52,0,0,0,654,0,964,203,1618,,0,1,1,0,.224,.456,.320,.348,.346,.232,.391,.442,.285,.346,-0.040,-0.033,-0.028,91.9,16.9,36.4,32,15,7.9,17.3,27.6,29.4,2.8,47.2,102.943931589,7.939715728,59.2,23,24.6,54.3,45.2,114,210,52.7,854,68.8,5.9,254,854,452,1618,76.8,104,453,47.3,765,43.7,32.9,41,52.8,30.8,16.4,214,58.5,36.4,78,29.9,64,22.4,48,11.2,24,,,,,,,,,,,-15,0,10,0.0,0,9,0.0,0,8,0.0,5,10,50.0,10,11,90.9,-2.1,-2.9,0.7,-4.3,28.8,,4.67,24.6,
Anderson, Tim,641313,2023,30,274,290,61,51,9,1,0,61,14,21,4.8,.223,.263,.259,0.522,0.040,.284,13,98,72,1,9,48,321,162,0,202,12,67,10,0,0,0,32,5,215,24,0,18,109,23,2,0,0,0,0,0,0,0,0,2,121,1,0,0,0,0,1,0,0,29,8,1,0,345,2,720,121,1065,,1,1,0,0,.257,.333,.234,.281,.294,.076,.270,.334,.284,.332,-0.034,-0.070,-0.047,88.3,0.5,27.9,7,3.3,2.8,29.8,10.7,49.3,4.2,40.9,99.44760963,5.920803767,69.8,17.6,33.5,42.4,57.6,73,172,48.1,513,77,9.4,104,583,311,1065,82.4,68,386,51.9,553,42.6,25.3,52.4,30.7,38.6,30.7,215,65.2,65.6,141,10.7,23,22.8,49,0.9,2,,,,,,,,,,,,,,,,,,,,,,,,,,,,,,,,7,4.53,27.2,
Abrams, CJ,682928,2023,22,282,302,69,43,16,3,7,67,12,22.2,4,.245,.397,.292,0.689,0.152,.298,35,142,112,2,14,77,314,145,0,227,15,81,5,0,0,7,26,10,216,32,1,39,74,13,20,0,0,0,0,1,0,0,1,0,113,2,0,0,2,0,1,0,0,35,12,2,0,341,1,738,113,1079,,1,1,0,0,.239,.375,.300,.291,.287,.135,.358,.345,.321,.314,.006,.022,.009,86.8,12,32.9,12,5.6,8.8,21.3,25,31.5,7.9,35.6,99.005533774,5.545833774,72.6,16.2,37.6,37.3,59.8,76,204,50.3,543,83.5,7.9,142,563,310,1079,82.5,63,389,49.7,536,45.2,23.4,55,35.2,38.4,26.4,216,63.6,46.3,100,22.7,49,20.8,45,10.2,22,,,,,,,,,,,,,,,,,,,,,,,,,,,,,,,,4,4.22,28.6,
Hays, Austin,669720,2023,27,287,310,90,57,22,2,9,73,19,23.5,6.1,.314,.498,.355,0.853,0.184,.389,36,105,143,1,2,68,374,219,0,155,8,78,4,0,2,1,31,24,217,35,0,50,56,11,9,0,0,0,3,1,0,2,0,3,129,1,0,0,0,0,0,0,0,45,2,0,0,401,3,735,129,1136,,0,0,0,0,.263,.475,.365,.338,.310,.212,.457,.418,.415,.351,.051,.023,.027,90.4,12.2,35,23,10.6,6.9,25.8,27.2,26.7,2.8,41.5,101.327649633,6.952342857,61.9,15.9,30.5,48.9,50.5,89,182,52.5,596,71.3,7.7,141,586,350,1136,83.8,53,334,47.5,540,42.6,27.5,45.4,35,38.7,26.3,217,62.3,40.1,87,34.1,74,21.7,47,4.1,9,,,,,,,,,,,-1,0,10,0.0,1,4,25.0,2,3,66.7,11,12,91.7,6,7,85.7,-1.1,-0.4,0.4,-1.1,33,,4.42,27.6,
Happ, Ian,664023,2023,28,308,377,76,49,18,2,7,94,63,24.9,16.7,.247,.386,.377,0.763,0.139,.329,39,135,119,2,7,75,626,246,0,318,19,87,6,0,4,3,28,11,217,37,0,38,68,18,14,0,2,0,2,0,1,3,0,3,165,1,0,1,0,0,1,0,0,33,6,1,0,672,3,972,165,1644,,1,0,0,0,.241,.386,.341,.344,.376,.145,.383,.388,.350,.349,.006,.000,-0.003,89.8,11.3,37.3,17,7.8,5.5,25.8,24.4,33.2,2.3,38.2,99.715906667,6.124301302,67.6,19.8,22.7,44.1,55.9,86,195,52.2,858,78.5,6.5,326,926,342,1644,80.2,105,531,47.8,786,43.1,26.3,44.2,38.7,36.4,24.9,217,61.1,44.2,96,22.6,49,26.7,58,6.5,14,,,,,,,,,,,-2,0,8,0.0,1,1,100.0,5,10,50.0,15,16,93.8,11,13,84.6,1.4,0,-1,0.4,35,,4.37,27.6,
Diaz, Elias,553869,2023,32,278,305,77,52,15,1,9,65,22,21.3,7.2,.277,.435,.328,0.763,0.158,.327,45,136,121,0,0,83,377,124,0,238,12,80,8,0,0,1,33,15,217,29,0,26,69,22,21,0,0,0,1,0,0,4,0,4,144,0,0,0,1,0,0,0,0,27,0,0,0,410,4,746,144,1156,,0,3,0,0,.255,.402,.330,.314,.311,.147,.389,.368,.355,.332,.022,.033,.016,88.3,12.2,32.3,16,7.4,3.7,30.4,24,29.5,4.6,40.1,100.206381574,6.155419028,75.9,18.2,34.8,43.1,56.9,93,216,53.7,621,81.1,7.8,162,603,361,1156,81.8,74,406,46.3,535,40.5,26.8,53.8,43.8,35.9,20.3,217,58,47,102,18.9,41,24.4,53,9.7,21,32,1.94,1.94,1.95,4,1.55,1.47,1.79,0.68,83,,,,,,,,,,,,,,,,,,,,,,,4.81,25.1,
Hernandez, Enrique,571771,2023,31,281,306,62,45,11,0,6,64,21,20.9,6.9,.221,.324,.278,0.602,0.103,.263,31,143,91,1,3,76,400,216,0,172,7,79,11,0,0,2,22,9,219,31,0,49,63,19,26,0,0,0,9,0,0,0,0,2,128,1,0,0,0,0,1,0,0,37,3,0,0,428,2,745,128,1173,,1,0,0,0,.198,.295,.267,.249,.258,.098,.300,.274,.283,.255,.023,.029,.018,87.3,16.9,28.8,8,3.7,4.1,19.6,37.9,31.5,3.2,32.4,97.517068182,4.797671461,64.2,18.1,26.6,44.9,55.1,71,158,50.7,595,77.1,7.1,155,628,309,1173,81.9,67,371,49.3,578,43.2,26.1,45.1,38.8,32.9,28.3,219,60.8,38.8,85,26.5,58,22.8,50,11.9,26,,,,,,,,,,,1,0,2,0.0,0,0,,2,2,100.0,2,3,66.7,5,5,100.0,3.2,0,-1.9,1.2,36.6,,4.59,26.8,
Taveras, Leody,665750,2023,24,275,296,81,54,15,2,10,57,18,19.3,6.1,.295,.473,.339,0.812,0.178,.340,40,141,130,3,9,75,392,159,0,199,12,76,2,0,0,1,26,15,220,40,0,33,74,22,10,0,0,0,0,0,1,1,1,1,109,3,0,0,1,0,1,0,0,43,5,4,0,418,2,714,109,1132,,1,3,0,0,.298,.446,.350,.344,.343,.148,.410,.403,.370,.375,-0.003,.027,.006,89.6,9.6,37.7,15,6.8,5,33.2,19.1,33.6,2.3,41.4,100.511925,6.460606256,72.7,15.8,26.1,44,54.7,66,150,50.8,575,90.5,7.4,217,640,242,1132,83.2,64,405,49.2,557,40.2,23.4,49,27.3,43.2,29.5,220,57.8,45.5,100,21.8,48,28.2,62,4.5,10,,,,,,,,,,,3,1,6,16.7,1,7,14.3,12,14,85.7,10,11,90.9,13,13,100.0,1.4,0.8,-0.6,1.6,35.8,18,4.22,29.2,
Tovar, Ezequiel,678662,2023,21,304,321,79,48,20,2,9,85,13,26.5,4,.260,.428,.296,0.724,0.168,.332,44,116,130,3,4,81,335,142,0,276,12,84,4,0,1,3,20,17,220,42,0,43,69,19,10,0,0,0,7,0,0,0,0,1,181,3,0,0,0,0,0,0,0,42,4,0,0,363,1,852,181,1215,,0,2,1,0,.249,.384,.312,.292,.286,.135,.404,.374,.359,.345,.011,.044,.020,88.3,13.2,38.2,16,7.3,4.5,30.9,25.9,28.6,2.7,36.4,99.032009636,5.618573045,79.7,19.4,38.4,49.2,50.4,118,240,51.4,625,89,6.7,122,639,391,1215,79.8,91,470,48.6,590,42.6,29.4,58.4,29.1,35.9,35,220,68.8,40.5,89,27.3,60,27.7,61,4.5,10,,,,,,,,,,,,,,,,,,,,,,,,,,,,,,,,1,4.35,28.1,
Adames, Willy,642715,2023,27,305,349,65,35,14,0,16,88,34,25.2,9.7,.213,.416,.294,0.710,0.203,.238,46,142,127,2,4,76,471,203,2,264,18,81,8,0,1,3,14,21,222,30,0,50,66,17,23,0,0,0,0,0,0,2,0,5,184,1,1,0,1,0,1,0,0,40,3,1,0,503,5,901,184,1404,,1,0,0,2,.239,.456,.307,.340,.321,.217,.364,.415,.293,.335,-0.026,-0.040,-0.033,86.7,17.8,35.6,31,14,3.6,21.2,29.7,24.3,7.2,35.1,98.504023874,5.311920856,69.6,19.2,31.7,52.3,47.7,123,235,52.7,741,82.1,6.8,189,702,417,1404,80.8,89,463,47.3,665,43.2,30.4,49.7,50,33.8,16.2,222,59,36,80,32,71,21.6,48,10.4,23,,,,,,,,,,,,,,,,,,,,,,,,,,,,,,,,,4.42,27.4,
Bell, Josh,605137,2023,30,291,332,67,41,17,0,9,71,39,21.4,11.7,.230,.381,.319,0.700,0.151,.272,42,147,111,1,0,93,485,181,0,241,17,82,4,0,0,0,20,16,222,30,1,36,94,19,6,0,1,0,0,0,0,55,0,2,139,1,0,0,0,0,0,0,0,19,0,0,0,524,2,802,139,1326,,0,0,1,0,.270,.449,.309,.351,.355,.180,.341,.405,.302,.356,-0.040,-0.068,-0.042,90.4,7.8,32.9,21,9.5,6.3,23.9,20.7,37.8,0.5,43.2,101.813018273,7.084773333,70.2,18.3,27.6,40.3,59.7,81,201,54.9,729,81.8,5.8,306,678,314,1326,81.7,77,420,45.1,598,43.6,25.4,46.8,41,32.9,26.1,222,56,51.4,114,23.4,52,22.1,49,3.2,7,,,,,,,,,,,,,,,,,,,,,,,,,,,,,,,,,4.71,25.5,
Suarez, Eugenio,553993,2023,31,321,378,73,47,15,0,11,106,39,28,10.3,.227,.377,.323,0.700,0.150,.292,52,132,121,1,1,78,554,265,0,246,28,89,5,0,0,10,18,24,223,31,0,58,56,21,13,0,0,0,0,0,0,3,0,8,186,0,1,0,0,0,1,0,0,36,1,0,0,609,8,958,186,1567,,1,2,1,0,.234,.458,.310,.349,.333,.225,.370,.437,.327,.345,-0.007,-0.081,-0.039,90.8,19.5,36.3,28,12.6,8.1,25.6,30.9,20.2,2.7,46.6,100.752280804,6.936689821,65.3,23.7,23.2,56.6,43.4,103,182,50.1,786,76.1,9.1,125,907,451,1567,76.3,121,511,49.9,782,40.1,32.3,44.2,41.7,35,23.3,223,60.6,33.2,74,36.8,82,24.2,54,5.8,13,,,,,,,,,,,,,,,,,,,,,,,,,,,,,,,,,4.7,26.3,
Chapman, Matt,656305,2023,30,324,369,84,43,28,1,12,103,40,27.9,10.8,.259,.463,.344,0.807,0.204,.341,39,162,150,2,3,91,566,279,0,237,29,88,2,0,0,3,32,18,223,34,0,50,49,19,20,0,1,0,1,0,0,2,0,2,167,1,0,1,1,0,0,0,0,48,2,1,0,595,2,940,167,1535,,0,2,0,0,.248,.504,.348,.361,.336,.255,.443,.465,.377,.364,.011,-0.041,-0.013,94.1,16.9,34.1,41,18.4,9,16.6,25.1,27.4,2.7,59.6,104.186532432,9.480152534,65.6,26.1,19.9,45,55,68,151,49.4,759,76,7.9,108,913,434,1535,73.9,133,510,50.6,777,42.9,30.4,43.1,36.8,37.7,25.6,223,57.9,36.3,81,30.5,68,24.2,54,9,20,,,,,,,,,,,,,,,,,,,,,,,,,,,,,,,,1,4.45,28.5,
Arozarena, Randy,668227,2023,28,315,376,88,62,9,1,16,92,47,24.5,12.5,.279,.467,.388,0.855,0.188,.343,58,134,147,7,10,102,549,297,0,222,12,88,3,0,0,11,36,15,226,37,0,46,58,15,17,0,0,0,0,0,0,10,0,3,169,7,0,0,0,0,1,0,0,56,10,0,0,605,3,939,169,1544,,1,0,2,0,.251,.476,.374,.372,.369,.225,.442,.438,.389,.356,.028,-0.009,.002,92.9,12,33.6,33,14.6,8,19.5,24.8,30.1,3.1,50.9,102.643530973,8.215996222,60.1,24.2,25,43.1,56.9,88,204,52.8,816,71,6.5,184,843,434,1544,75.8,106,438,47.2,729,40.1,30.2,41.6,36.3,40.3,23.5,226,59.3,41.6,94,27,61,23.9,54,7.5,17,,,,,,,,,,,0,0,14,0.0,1,7,14.3,3,5,60.0,11,11,100.0,7,7,100.0,-1.1,-0.8,0.2,-1.7,31.3,5,4.24,28.4,
Donovan, Brendan,680977,2023,26,275,314,78,62,7,0,9,48,30,15.3,9.6,.284,.407,.369,0.776,0.123,.315,27,88,112,1,4,46,425,245,0,204,11,81,2,0,1,8,29,8,228,40,1,40,78,20,12,0,2,0,4,1,0,6,0,1,68,0,1,0,1,0,0,0,0,37,2,2,0,460,1,759,68,1219,,0,4,0,0,.282,.435,.343,.356,.370,.153,.359,.377,.342,.343,.002,-0.028,-0.013,89.2,10.3,39,15,6.6,6.6,30.3,19.3,32.9,4.4,40.8,99.415583571,6.022818616,62.1,9.8,23.2,30.3,69,44,145,51.3,625,64.8,7.2,167,685,333,1219,90,36,369,48.7,594,45.6,15.6,42.2,38.6,30.3,31.1,228,62.5,46.9,107,21.1,48,26.3,60,5.7,13,,,,,,,,,,,0,0,5,0.0,1,3,33.3,3,3,100.0,1,1,100.0,2,2,100.0,1.3,0.7,-0.6,1.4,35.3,,4.41,27.1,
Hernandez, Teoscar,606192,2023,30,340,372,85,53,15,2,15,115,24,30.9,6.5,.250,.438,.306,0.744,0.188,.329,50,149,149,2,5,93,461,238,0,295,20,89,3,0,1,5,28,19,228,38,0,46,65,19,12,0,1,0,1,0,0,14,0,3,248,2,0,0,1,0,1,0,0,42,4,1,0,494,3,1041,248,1535,,1,0,0,0,.259,.488,.320,.348,.317,.229,.435,.480,.373,.391,-0.009,-0.050,-0.028,90.9,12,37.3,31,13.6,7.9,23.7,22.4,28.9,3.1,50,102.827880702,7.963120352,70.6,24.7,34.7,54.8,45.2,149,272,51,783,76.7,7.6,152,765,525,1535,75.3,131,531,49,752,41.9,34.9,52.3,35.5,39,25.4,228,64.2,40.8,93,28.5,65,25.4,58,5.3,12,,,,,,,,,,,0,2,13,15.4,1,6,16.7,5,6,83.3,7,10,70.0,18,19,94.7,-0.4,0,0.6,0.2,33.6,3,4.33,28.3,
Hayes, Ke'Bryan,663647,2023,26,290,307,73,47,16,5,5,62,16,20.2,5.2,.252,.393,.290,0.683,0.141,.304,32,113,114,5,9,66,361,239,0,180,7,75,9,0,0,0,31,10,229,32,0,48,70,23,14,0,0,0,2,0,0,0,0,1,91,5,0,0,0,0,0,0,0,34,4,5,0,386,1,751,91,1137,,0,0,0,0,.270,.413,.296,.314,.308,.143,.348,.373,.319,.344,-0.018,-0.020,-0.018,92.1,12.4,35.8,15,6.6,10.5,27.9,23.6,29.3,1.7,46.7,101.601112018,7.323555683,59.3,8.3,31.8,40.4,59.6,76,188,52,592,75.3,7.5,116,628,327,1137,91.7,27,324,48,546,42.7,20.1,45,23.1,41,35.8,229,60.3,44.1,101,25.3,58,24.5,56,6.1,14,,,,,,,,,,,,,,,,,,,,,,,,,,,,,,,,,4.53,27.0,
Correa, Carlos,621043,2023,28,307,341,69,39,17,2,11,79,32,23.2,9.4,.225,.401,.299,0.700,0.176,.266,38,131,123,0,0,67,468,262,0,204,15,80,16,0,1,1,25,12,229,32,0,38,79,22,20,0,1,0,2,0,0,0,0,1,135,0,0,0,1,0,0,0,0,31,0,0,0,501,1,848,135,1349,,0,1,1,0,.241,.419,.304,.321,.316,.178,.354,.380,.301,.326,-0.016,-0.018,-0.017,89.2,11.7,30.6,25,10.9,7,20.5,23.6,31,5.7,42.4,101.585000531,7.03524823,61.1,18.6,27.7,40.9,59.1,81,198,52.9,714,62,5.9,135,753,378,1349,81.4,72,388,47.1,635,42,26.1,43.4,38.9,30.6,30.6,229,60,45.4,104,21.8,50,24,55,8.7,20,,,,,,,,,,,,,,,,,,,,,,,,,,,,,,,,,4.6,26.9,
Edman, Tommy,669242,2023,28,274,307,65,40,15,3,7,50,24,16.3,7.8,.237,.391,.303,0.694,0.154,.264,29,128,107,1,14,59,337,193,0,162,9,84,7,0,0,3,28,9,230,28,0,39,91,19,15,0,1,0,4,0,0,0,3,3,67,1,0,0,1,0,1,0,0,44,13,1,0,362,6,670,67,1032,,1,3,1,0,.264,.387,.301,.318,.330,.123,.322,.344,.286,.323,-0.027,.004,-0.017,90,8.6,29.6,10,4.3,8.3,24.3,23,35.7,3.5,40.9,100.051860982,6.287417768,62.4,8.4,29.9,36.4,63.6,56,154,49.9,515,73.4,9.1,144,609,250,1032,91,27,323,50.1,518,42.4,17.4,46.2,41.3,37.8,20.9,230,62.5,51.7,119,20.9,48,20.9,48,6.5,15,,,,,,,,,,,5,2,3,66.7,3,4,75.0,5,7,71.4,7,8,87.5,7,7,100.0,-0.2,0.8,-0.1,0.4,34.6,4,4.26,28.9,
Alonso, Pete,624413,2023,28,304,348,64,30,7,1,26,74,33,21.3,9.5,.211,.497,.310,0.807,0.286,.186,61,143,151,0,3,77,466,254,0,195,12,82,10,0,0,11,13,28,230,23,0,54,74,22,16,0,0,1,0,0,0,4,0,0,121,0,0,0,0,0,1,0,0,50,3,0,0,508,0,821,121,1329,,1,2,1,0,.256,.542,.346,.382,.350,.286,.389,.443,.278,.339,-0.045,-0.045,-0.036,89.2,15.6,33.5,34,14.8,6.1,19.1,26.1,30,3.9,40.4,101.851298957,6.987124,60.8,17.1,27,40.4,59.6,78,193,53.7,714,65.6,7,139,801,339,1329,82.9,64,374,46.3,615,42.8,25,42.7,39.6,35.2,25.2,230,59.2,37.8,87,35.7,82,19.6,45,7,16,,,,,,,,,,,,,,,,,,,,,,,,,,,,,,,,,4.65,25.8,
Crawford, J.P.,641487,2023,28,296,349,75,49,18,0,8,68,50,19.5,14.3,.253,.395,.362,0.757,0.142,.303,33,88,117,0,1,62,587,289,0,232,11,83,5,0,1,1,22,9,230,44,0,44,72,20,19,0,1,0,3,0,0,0,1,1,88,0,0,0,0,0,0,0,0,47,1,0,0,609,2,860,88,1469,,0,3,0,0,.257,.364,.337,.330,.366,.107,.358,.348,.328,.333,-0.004,.031,.007,89.5,13.6,33.5,9,3.9,7.4,28.7,27,28.3,4.3,39.1,100.25082177,6.279846947,58.3,11.3,19.6,40.7,58.6,59,145,50.3,739,74.3,9.5,193,892,352,1469,88.5,48,426,49.7,731,41.9,18.7,38.9,41.3,34.3,24.3,230,53.7,40.9,94,23,53,27.8,64,8.3,19,,,,,,,,,,,,,,,,,,,,,,,,,,,,,,,,,4.53,26.7,
Reynolds, Bryan,668804,2023,28,291,329,77,44,21,3,9,63,30,19.1,9.1,.265,.450,.334,0.784,0.185,.304,42,96,131,0,8,56,459,181,0,209,7,76,8,0,0,3,23,20,233,34,0,51,73,21,10,0,0,0,2,0,0,8,0,5,146,0,0,0,0,0,0,0,0,40,6,2,0,499,5,779,146,1278,,0,0,0,0,.288,.506,.338,.375,.359,.218,.378,.430,.330,.365,-0.023,-0.056,-0.037,91.9,13.7,38.2,30,12.9,6.4,28.3,22.7,28.8,0.9,49.8,101.695119316,7.494364764,72.7,16.5,23.8,52.2,47.8,84,161,52.9,676,86,6.7,267,690,287,1278,83.5,72,437,47.1,601,40.8,26.1,46.8,37.3,36.9,25.8,233,56.5,41.2,96,30.5,71,24,56,4.3,10,,,,,,,,,,,-2,0,6,0.0,1,2,50.0,1,3,33.3,8,9,88.9,10,11,90.9,-1,-0.5,0.1,-1.4,31.5,,4.47,27.7,
Rizzo, Anthony,519203,2023,33,311,356,80,56,13,0,11,79,33,22.2,9.3,.257,.405,.348,0.753,0.148,.311,39,117,126,3,0,68,446,243,0,277,13,84,7,0,0,11,14,19,233,47,0,55,60,21,16,0,1,0,0,0,0,6,0,1,132,2,1,0,0,0,0,1,0,41,0,0,0,481,1,913,132,1394,,1,1,0,0,.250,.410,.333,.333,.342,.160,.378,.377,.343,.334,.007,-0.005,.000,90.3,18.4,42.9,18,7.7,7.3,27,30.5,24.9,2.1,39.1,99.5058475,6.026808355,64.1,14.5,33.2,40.7,59.3,98,241,52,725,77.7,7.4,223,762,374,1394,85.5,62,429,48,669,43.1,23.9,48.1,40.3,39.5,20.2,233,63.1,31.8,74,31.8,74,29.6,69,6.9,16,,,,,,,,,,,,,,,,,,,,,,,,,,,,,,,,,4.76,24.5,
Soto, Juan,665742,2023,24,309,396,82,46,21,0,15,79,83,19.9,21,.265,.479,.419,0.898,0.214,.307,47,112,148,2,6,64,692,342,0,193,13,90,6,0,0,1,33,19,233,30,0,40,90,9,11,0,7,0,1,0,0,0,0,3,108,0,2,0,1,0,0,0,0,51,5,1,0,740,3,890,108,1630,,0,2,0,0,.262,.485,.388,.392,.419,.223,.417,.424,.352,.351,.003,-0.006,-0.004,93.2,5.5,26.2,29,12.4,6.9,21.9,17.6,37.8,3.4,58.4,104.824146207,9.600976336,55.1,14.1,14.9,47.7,52.3,62,130,53.5,873,74.7,6.1,265,854,450,1630,85.6,59,418,46.5,759,41.5,22.1,33.6,36.9,42.1,21,233,55.2,52.8,123,25.3,59,17.2,40,4.7,11,,,,,,,,,,,-2,0,21,0.0,2,7,28.6,4,7,57.1,9,12,75.0,10,10,100.0,0.9,0.3,-0.7,0.5,33.8,,4.39,26.9,
Robert Jr., Luis,673357,2023,25,339,375,92,43,23,0,26,107,21,28.5,5.6,.271,.569,.330,0.899,0.298,.319,51,139,193,2,8,70,384,184,5,290,18,89,7,0,1,9,23,30,233,39,0,40,65,15,21,0,4,0,1,0,0,0,0,1,234,1,1,0,0,0,0,1,0,62,7,1,0,433,1,969,234,1402,,1,1,1,5,.265,.536,.376,.363,.324,.271,.512,.492,.395,.386,.006,.033,.013,89,16.2,36.5,37,15.9,4.7,23.2,24.9,26.6,4.3,40.8,101.845335776,7.01779444,74.2,21.5,39.5,53.6,46.4,156,291,52.5,737,87.2,6.1,128,695,440,1402,78.5,106,494,47.5,666,41.4,33.4,56,41.2,35.2,23.6,233,68.5,37.8,88,30,70,23.2,54,9,21,,,,,,,,,,,8,1,15,6.7,6,7,85.7,14,18,77.8,16,17,94.1,17,17,100.0,-0.2,0.6,0.3,0.8,35.4,12,4.39,28.5,
Perez, Salvador,521692,2023,33,313,336,77,48,14,0,15,82,12,24.4,3.6,.246,.435,.289,0.724,0.189,.283,40,126,136,0,0,75,344,112,0,263,12,81,8,0,0,8,20,24,234,31,2,52,61,26,17,0,3,0,1,0,0,22,0,3,206,0,0,0,0,0,0,0,0,37,0,0,0,377,3,838,206,1215,,0,1,0,0,.251,.456,.307,.321,.295,.204,.386,.405,.329,.338,-0.005,-0.021,-0.014,90.4,16.4,36.8,24,10.3,8.5,23.9,29.5,23.5,3.8,46.2,101.554792564,7.233535794,79.1,22.2,45.6,43.4,56.6,139,320,57.8,702,80.8,6.4,153,609,368,1215,77.8,90,406,42.2,513,38.8,31.5,59.8,37.6,37.2,25.2,234,62.7,34.6,81,32.5,76,24.8,58,8.1,19,18,1.98,1.98,1.95,4,1.48,1.49,1.44,0.65,79.8,,,,,,,,,,,,,,,,,,,,,,,4.93,24.6,
Straw, Myles,664702,2023,28,297,331,70,54,13,3,0,66,29,19.9,8.8,.236,.300,.304,0.604,0.064,.300,15,137,89,2,10,74,419,289,0,227,13,88,9,0,0,1,34,2,235,34,0,45,84,22,12,0,0,0,0,1,0,0,2,2,61,2,0,0,1,0,2,0,0,36,10,0,0,444,4,831,61,1275,,2,2,0,0,.242,.302,.273,.279,.310,.061,.295,.304,.300,.310,-0.006,-0.002,-0.006,86.8,8.6,34,2,0.9,1.3,28.9,25.5,37.4,4.3,25.5,95.604998938,3.851525467,57.5,11.1,24,21.9,77.4,30,137,44.8,571,72.7,9.5,46,869,289,1275,87.9,45,405,55.2,704,44.5,13.8,42.5,23.8,40.4,35.7,235,63.7,50.2,118,20,47,24.7,58,5.1,12,,,,,,,,,,,-2,0,12,0.0,1,3,33.3,4,8,50.0,10,11,90.9,19,20,95.0,-0.3,-0.1,0,-0.3,33.7,22,4.13,29.2,
Frazier, Adam,624428,2023,31,267,297,62,39,12,1,10,35,24,11.8,8.1,.232,.397,.299,0.696,0.165,.233,40,106,106,3,7,73,365,208,1,219,6,83,3,0,0,2,13,12,235,36,1,46,76,36,15,0,0,0,4,1,0,2,2,1,84,3,0,0,0,0,0,0,0,39,6,1,0,383,3,763,84,1146,,0,1,1,1,.279,.380,.304,.321,.342,.101,.306,.327,.266,.320,-0.047,.017,-0.017,85.9,13.8,41.3,7,3,3.4,31.9,29.4,29.4,2.6,25.1,95.62520181,3.816336638,66.6,11.1,29.9,31.4,67.5,53,169,49.3,565,74.2,7.8,168,681,241,1146,88.1,43,386,50.7,580,44.4,17.3,48.4,35.3,36.6,28.1,235,58.2,37.9,89,24.7,58,30.6,72,6.8,16,,,,,,,,,,,,,,,,,,,,,,,,,,,,,,,,,4.53,26.2,
Heim, Jonah,641680,2023,28,291,317,82,50,20,0,12,56,24,17.7,7.6,.282,.474,.338,0.812,0.192,.313,59,110,138,0,2,71,390,156,0,280,13,79,6,0,0,1,19,20,236,43,0,54,61,20,17,0,2,0,1,0,0,6,0,1,124,0,0,0,0,0,0,0,0,43,2,0,0,410,1,813,124,1223,,0,2,1,0,.270,.470,.348,.342,.327,.200,.396,.389,.347,.333,.012,.004,.006,89.2,18.1,36.9,20,8.5,7.2,26.3,31.8,23.3,3,37.3,99.197987627,5.803693983,74.1,15.6,33.7,34.1,65.9,71,208,50.4,617,77.3,7.2,181,696,304,1223,84.4,70,449,49.6,606,43.6,21.5,53.7,47,32.6,20.3,236,59,33.9,80,31.4,74,27.5,65,7.2,17,35,1.97,1.97,1.99,2,1.66,1.66,,0.72,83.6,,,,,,,,,,,,,,,,,,,,,,,4.8,25.8,
Soler, Jorge,624585,2023,31,319,369,81,40,18,0,23,85,44,23,11.9,.254,.527,.350,0.877,0.273,.272,51,167,168,0,1,84,541,233,0,239,15,88,13,0,1,4,14,24,236,43,0,50,69,13,22,0,2,0,7,0,0,63,0,2,162,0,0,0,0,0,0,0,0,52,1,0,0,585,2,889,162,1474,,0,1,1,0,.259,.536,.372,.379,.355,.276,.442,.453,.343,.352,-0.005,-0.009,-0.007,91.2,18.6,35.6,37,15.7,8.9,16.1,29.2,28,2.1,46.2,102.796893559,7.818062797,68,19.5,24.9,46,54,92,200,54.5,803,80.4,6.6,144,741,493,1474,80.5,89,456,45.5,671,42.1,27.6,44.5,46.2,37.3,16.5,236,56.8,35.2,83,31.4,74,24.2,57,9.3,22,,,,,,,,,,,-2,0,5,0.0,0,0,,2,4,50.0,0,0,,2,3,66.7,-0.5,-1.2,-0.4,-2.2,31.6,,4.78,26.5,
Tatis Jr., Fernando,665487,2023,24,295,325,85,48,20,1,16,62,25,19.1,7.7,.288,.525,.346,0.871,0.237,.315,44,103,155,3,14,63,396,92,0,226,13,70,8,0,3,2,30,17,236,38,0,42,80,19,10,0,0,0,0,0,0,1,1,2,164,1,2,0,0,0,1,1,1,52,12,2,0,417,3,735,164,1152,,3,3,0,0,.308,.529,.371,.385,.365,.222,.431,.451,.362,.388,-0.020,-0.004,-0.014,91.9,10.4,31.4,22,9.3,8.1,27.5,20.8,30.5,3.4,48.7,103.313223333,8.235410769,82.4,21.6,31.8,43.5,56.5,84,193,52.6,606,95,8.7,150,588,349,1152,78.4,97,450,47.4,546,42.6,28.1,55.8,39.8,44.9,15.3,236,64.6,46.6,110,25,59,24.2,57,4.2,10,,,,,,,,,,,6,0,8,0.0,6,7,85.7,6,7,85.7,17,17,100.0,7,8,87.5,0,1.6,0.2,1.8,35.6,18,4.32,29.4,
Olson, Matt,621566,2023,29,343,400,87,39,17,2,29,108,54,27,13.5,.254,.569,.357,0.926,0.315,.280,72,135,195,0,1,83,633,218,0,334,27,89,8,0,0,2,23,33,236,31,0,56,65,12,16,0,2,0,0,0,0,0,0,1,223,0,0,0,0,0,0,0,0,70,1,0,0,676,1,1047,223,1723,,0,1,0,0,.253,.567,.390,.390,.357,.314,.498,.498,.369,.368,.001,.002,.000,94.6,17.2,30.5,46,19.5,8.1,17.4,28.8,24.2,2.1,56.8,105.784645085,10.008279407,72.2,25.6,27.9,42.9,57.1,112,261,54.6,937,81.2,7.7,245,1014,423,1723,74.4,144,563,45.4,780,41.8,31.2,48.1,34.3,41.9,23.7,236,54.6,37.3,88,37.7,89,18.2,43,6.8,16,,,,,,,,,,,,,,,,,,,,,,,,,,,,,,,,,4.63,26.2,
Pena, Jeremy,665161,2023,25,313,340,77,50,16,1,10,75,18,22.1,5.3,.246,.399,.301,0.700,0.153,.293,32,121,125,6,8,63,385,160,1,222,18,81,2,0,1,7,29,13,239,34,1,37,94,23,6,0,1,0,0,0,0,0,0,1,169,6,0,0,0,0,0,0,0,42,7,1,0,420,1,817,169,1237,,0,2,0,1,.251,.385,.305,.304,.306,.133,.360,.360,.322,.330,-0.005,.014,.001,87.7,5.8,34.7,14,5.9,4.6,27.6,18,39.7,3.8,35.6,99.074976949,5.660657362,72.3,13.5,36.5,56.8,42.8,138,243,53.7,665,77.8,7.3,164,594,383,1237,86.2,56,414,46.3,573,42.2,29.5,53.1,46,31.4,22.6,239,64,51.5,123,20.9,50,24.7,59,2.9,7,,,,,,,,,,,,,,,,,,,,,,,,,,,,,,,,32,4.27,29.5,
Bohm, Alec,664761,2023,26,289,314,81,57,15,0,9,53,19,16.9,6.1,.280,.426,.328,0.754,0.146,.313,57,135,123,1,3,88,368,193,0,218,12,76,13,0,0,3,26,12,239,43,0,47,77,20,13,0,0,0,0,0,0,3,0,3,82,1,0,0,0,0,1,0,0,37,3,0,0,404,3,747,82,1151,,1,1,1,0,.280,.441,.327,.334,.328,.162,.366,.374,.339,.339,.000,-0.015,-0.007,89.9,11.5,34.7,15,6.3,7.9,25.1,24.7,34.7,1.3,43.1,100.7112785,6.579944686,66.2,11.5,29.8,31.2,68.8,53,170,49.6,571,75.9,7.6,111,704,275,1151,88.5,44,384,50.4,580,44.7,17.5,48.1,25.9,44.8,29.3,239,58,43.1,103,24.7,59,26.8,64,5.4,13,,,,,,,,,,,,,,,,,,,,,,,,,,,,,,,,,4.61,27.0,
Marte, Starling,516782,2023,34,301,326,77,64,7,1,5,63,16,19.3,4.9,.256,.336,.309,0.645,0.080,.309,28,132,101,4,23,68,351,174,0,234,17,82,8,0,2,7,30,15,240,32,0,44,96,18,5,0,1,0,1,2,0,0,2,0,147,4,0,0,0,0,1,0,0,37,22,1,0,389,2,828,147,1217,,1,1,0,0,.272,.418,.287,.324,.324,.146,.324,.375,.324,.344,-0.016,-0.082,-0.037,88.6,6.8,31.7,14,5.8,5.8,26.3,19.2,37.1,5.4,40.4,100.42308094,6.30736765,72.2,17,36.6,43.7,55,101,231,51.8,631,83.1,6.8,127,675,358,1217,82,72,423,48.2,586,41.6,26.5,53.7,36.3,36.7,27.1,240,60.7,52.5,126,24.6,59,20.8,50,2.1,5,,,,,,,,,,,-5,0,12,0.0,1,4,25.0,3,9,33.3,6,8,75.0,13,15,86.7,-0.4,-0.8,0.3,-0.9,32.2,2,4.38,27.1,
Machado, Manny,592518,2023,30,295,319,77,49,13,0,15,58,20,18.2,6.3,.261,.458,.307,0.765,0.197,.276,49,144,135,1,3,81,394,173,0,211,9,74,13,0,0,1,29,16,240,32,0,51,73,18,19,0,0,0,3,0,0,3,0,3,128,1,0,0,1,0,0,0,0,41,3,0,0,417,3,772,128,1189,,0,3,0,0,.244,.428,.328,.313,.293,.184,.375,.355,.321,.302,.017,.030,.015,90.4,14.2,29.2,21,8.8,7.1,19.2,29.2,32.1,3.3,42.9,101.628037083,7.078094603,69,16.9,31.9,41.6,58.4,79,190,50.1,596,75,7.1,92,667,360,1189,83.1,69,409,49.9,593,44.4,24.7,50.4,37.1,33.3,29.6,240,61.4,42.5,102,27.9,67,21.7,52,7.9,19,,,,,,,,,,,,,,,,,,,,,,,,,,,,,,,,,4.65,26.2,
Swanson, Dansby,621020,2023,29,325,367,84,57,15,2,10,84,40,22.9,10.9,.258,.409,.343,0.752,0.151,.320,36,140,133,1,4,77,524,241,0,240,10,83,5,0,1,2,30,14,241,39,1,46,75,22,14,0,0,0,1,0,0,0,0,0,177,1,0,0,3,0,1,0,0,41,4,0,0,568,0,912,177,1480,,1,1,0,0,.263,.488,.332,.363,.348,.224,.384,.431,.349,.355,-0.005,-0.079,-0.031,89.4,12,34,31,12.9,6.2,22.4,20.7,34.4,2.9,41.1,100.306617917,6.388505333,67.9,23.8,22.9,41.8,58.2,71,170,50.2,743,80.5,7.6,194,783,408,1480,76.2,119,501,49.8,738,41.3,28.3,45.3,43.2,33.6,23.2,241,60.2,43.6,105,24.9,60,25.3,61,6.2,15,,,,,,,,,,,,,,,,,,,,,,,,,,,,,,,,6,4.3,28.4,
Jung, Josh,673962,2023,25,347,375,97,58,19,1,19,106,24,28.3,6.4,.280,.504,.331,0.835,0.224,.350,56,168,175,2,1,103,461,222,0,285,26,88,3,0,1,3,28,22,242,47,0,47,60,29,9,0,0,0,1,0,0,0,0,1,169,2,0,0,2,0,1,0,0,62,1,0,0,493,1,955,169,1448,,1,2,0,0,.274,.518,.357,.360,.326,.244,.475,.480,.401,.393,.006,-0.014,-0.003,92.2,15.2,43,31,12.8,8.3,28.9,23.6,24,2.5,50,101.906011488,7.730051364,72.2,20.2,31.3,44.4,55.6,106,239,52.8,764,79.5,7.7,131,786,439,1448,79.8,100,494,47.2,684,42.1,28.1,50.6,37.6,38.8,23.6,242,66.9,36.4,88,28.5,69,31.4,76,3.7,9,,,,,,,,,,,,,,,,,,,,,,,,,,,,,,,,,4.62,26.9,
Varsho, Daulton,662139,2023,26,318,350,68,43,13,0,12,79,27,22.6,7.7,.214,.368,.277,0.645,0.154,.243,30,163,117,3,11,84,423,203,0,279,27,89,3,0,0,2,24,11,242,33,0,57,66,21,28,0,0,0,4,2,0,1,0,3,136,3,0,0,1,0,2,0,0,38,9,2,0,458,3,907,136,1365,,2,1,1,0,.233,.392,.282,.303,.298,.158,.325,.355,.281,.311,-0.019,-0.024,-0.021,88,18.5,35.5,17,7,7,18.2,31.4,24,12,38.8,100.343843017,6.323474372,72.3,17.2,28.7,45.5,52.9,85,187,47.7,651,83.3,7.9,206,779,340,1365,81.6,89,517,52.3,715,43.2,24.7,51.6,47.5,31,21.5,242,64.6,37.2,90,28.1,68,23.1,56,11.6,28,,,,,,,,,,,3,0,8,0.0,2,4,50.0,10,14,71.4,13,13,100.0,18,18,100.0,0.4,0.8,0,1.2,35.3,1,4.35,28.0,
Ward, Taylor,621493,2023,29,305,346,74,51,14,0,9,68,30,19.7,8.7,.243,.377,.318,0.695,0.134,.279,31,123,115,2,3,57,509,214,0,245,18,83,7,0,0,6,23,14,242,37,0,65,77,13,11,0,0,0,2,0,0,0,0,5,112,1,1,0,0,0,0,0,0,48,3,0,0,542,5,834,112,1376,,0,3,0,0,.252,.419,.307,.332,.331,.167,.334,.370,.306,.325,-0.009,-0.042,-0.025,91,14,35.1,18,7.4,6.6,24.8,27.3,32.2,1.2,43.8,100.172780583,6.573687458,67.3,12.5,24.1,45,55,77,171,51.5,709,78.7,7.8,123,780,409,1376,87.5,56,449,48.5,667,43.8,21.5,45.1,36.8,37.6,25.6,242,56.1,41.3,100,32.6,79,21.5,52,4.5,11,,,,,,,,,,,2,0,16,0.0,2,7,28.6,7,8,87.5,12,12,100.0,10,10,100.0,0,0.4,0.2,0.6,34.7,4,4.49,28.0,
Diaz, Yandy,650490,2023,31,297,341,96,65,18,0,13,54,39,15.8,11.4,.323,.515,.408,0.923,0.192,.359,43,88,153,1,0,57,495,255,0,217,11,78,11,0,1,4,42,13,244,41,0,41,86,15,6,0,0,0,3,0,0,7,0,1,82,1,0,0,0,0,0,0,0,58,0,0,0,517,1,814,82,1331,,0,0,0,0,.302,.472,.400,.383,.392,.170,.436,.412,.393,.372,.021,.043,.017,94.7,5.3,30.7,21,8.6,7.8,27.9,16.8,37.7,0.8,56.1,104.909956393,9.512413004,63.4,10.9,19.8,38.8,60.5,50,129,49.1,653,78.4,8.7,137,793,320,1331,89.1,47,430,50.9,678,42.8,17.4,42,28.3,44.3,27.5,244,59.8,52.5,128,22.1,54,23,56,2.5,6,,,,,,,,,,,,,,,,,,,,,,,,,,,,,,,,,4.6,26.6,
Carroll, Corbin,682998,2023,22,308,349,89,48,20,3,18,67,32,19.2,9.2,.289,.549,.366,0.915,0.260,.317,48,122,169,2,26,69,486,232,0,235,9,86,3,0,1,6,36,22,244,31,0,41,78,17,18,0,1,0,1,0,0,3,2,1,103,2,0,0,2,0,0,0,0,63,20,6,0,509,3,834,103,1343,,0,2,2,0,.261,.448,.389,.346,.344,.187,.449,.388,.368,.336,.028,.101,.043,90.6,11.8,29.9,22,9,7.4,19.3,23.8,35.2,4.9,42.2,101.746327542,7.079620169,65.3,14.8,26.2,32.1,67.9,59,184,52.3,703,78.4,6.6,162,741,389,1343,84.7,62,418,47.7,640,42.1,20.1,44.8,40.2,34.8,25,244,53.7,46.7,114,25.8,63,20.1,49,7.4,18,,,,,,,,,,,2,3,12,25.0,3,6,50.0,4,7,57.1,5,6,83.3,13,13,100.0,1.2,1.5,-1.1,1.6,34.7,66,4.07,30.1,
Cronenworth, Jake,630105,2023,29,313,367,68,43,13,4,8,74,41,20.2,11.2,.217,.361,.318,0.679,0.144,.255,33,142,113,1,4,78,482,260,1,302,18,88,7,0,1,7,20,15,244,33,0,59,71,28,18,0,2,0,1,0,0,0,1,4,86,1,0,0,0,0,0,0,0,36,4,0,0,520,5,926,86,1446,,0,1,0,1,.226,.357,.300,.305,.326,.131,.316,.323,.280,.292,-0.009,.004,-0.005,87.1,15.7,37.3,10,4.1,8.6,22.1,31.6,28.3,4.9,32,97.524676333,4.810871004,66,10,25,38.6,60.8,68,176,48.7,704,69.8,7.3,181,879,331,1446,89.6,49,490,51.3,742,43.2,17.6,46.1,36.5,38.1,25.4,244,61.3,37.3,91,30.3,74,25,61,7.4,18,,,,,,,,,,,,,,,,,,,,,,,,,,,,,,,,1,4.33,28.4,
Torkelson, Spencer,679529,2023,23,333,376,76,43,20,1,12,91,37,24.2,9.8,.228,.402,.309,0.711,0.174,.275,45,154,134,0,2,87,531,264,0,290,15,87,6,0,1,3,12,19,245,45,0,55,66,23,24,0,1,0,0,0,0,1,0,3,144,0,0,0,0,0,0,0,0,43,2,0,0,560,3,964,144,1524,,0,2,1,0,.254,.443,.310,.336,.332,.189,.363,.403,.310,.346,-0.026,-0.041,-0.026,92.5,17.8,34.3,30,12.2,6.9,24.5,31.8,24.1,0.4,49,102.637779106,7.941046612,66.8,16.8,23.8,43.5,56.5,77,177,48.7,743,74.8,8.6,202,815,443,1524,83.2,88,523,51.3,783,41.2,23.6,45.9,46.1,30.2,23.7,245,63.2,31.8,78,30.2,74,28.2,69,9.8,24,,,,,,,,,,,,,,,,,,,,,,,,,,,,,,,,,4.58,27.5,
Renfroe, Hunter,592669,2023,31,317,341,78,44,19,0,15,74,21,21.7,6.2,.246,.448,.293,0.741,0.202,.274,41,172,142,0,0,88,375,185,0,252,9,83,12,0,1,1,27,20,245,31,0,49,68,24,25,0,0,0,0,0,0,0,0,2,146,0,0,0,0,0,0,0,0,42,0,0,0,397,2,853,146,1250,,0,2,0,0,.242,.413,.318,.305,.290,.171,.379,.361,.318,.314,.004,.035,.013,89.9,16.6,29.8,19,7.8,6.5,23.7,32.2,26.9,2.9,42.9,101.75893065,7.135465714,71.8,16.7,36.1,42.2,57.8,98,232,51.4,643,87.1,6.8,97,625,449,1250,83.3,73,436,48.6,607,43.4,25.6,53.4,51,33.9,15.1,245,63,38.8,95,28.2,69,22.9,56,10.2,25,,,,,,,,,,,-3,0,15,0.0,0,6,0.0,6,7,85.7,6,7,85.7,9,12,75.0,0.7,-0.2,-0.7,-0.2,33.4,,4.64,26.8,
Merrifield, Whit,593160,2023,34,301,330,86,64,17,0,5,57,24,17.3,7.3,.286,.392,.342,0.734,0.106,.336,38,143,118,7,19,83,387,198,0,253,12,82,9,0,2,3,25,15,246,45,1,49,68,27,14,0,0,0,1,1,0,0,0,2,107,4,3,0,0,0,3,1,0,36,11,8,0,419,2,820,107,1239,,4,4,0,0,.255,.359,.324,.302,.317,.104,.358,.328,.350,.315,.031,.033,.022,85.9,13.8,40.2,8,3.3,6.5,27.6,29.3,30.5,2.8,26.8,95.472724309,3.738026138,69.7,13.5,31.5,32.2,67.8,64,199,51,632,76.5,9.3,108,677,366,1239,86.1,57,423,49,607,42.9,19.5,50.2,32.1,39.8,28,246,66.4,37.8,93,26,64,29.7,73,6.5,16,,,,,,,,,,,-2,0,4,0.0,2,5,40.0,3,5,60.0,4,5,80.0,5,5,100.0,-0.7,-0.4,0.4,-0.7,32.4,2,4.29,28.8,
Santana, Carlos,467793,2023,37,305,344,71,41,21,0,9,62,36,18,10.5,.233,.390,.311,0.701,0.157,.262,45,150,119,0,6,90,486,197,0,226,11,82,3,0,1,0,14,16,246,40,1,38,88,22,27,0,0,0,2,0,1,7,0,3,129,0,0,0,0,0,0,0,0,40,4,2,0,519,3,816,129,1335,,0,3,1,0,.240,.360,.308,.303,.319,.120,.328,.322,.289,.300,-0.007,.030,.005,88.9,13.2,35.4,13,5.3,5.7,24.8,28,34.1,2,35,99.793955772,6.04067878,69.6,17.6,25.1,39.4,60.6,69,175,52.2,697,84.7,7.3,252,737,299,1335,82.4,78,444,47.8,638,41.8,23.7,46.4,45.1,32.5,22.4,246,58.4,41.5,102,22,54,25.2,62,11.4,28,,,,,,,,,,,,,,,,,,,,,,,,,,,,,,,,,4.65,25.7,
Yelich, Christian,592885,2023,31,327,376,93,61,19,2,11,81,46,21.5,12.2,.284,.456,.378,0.834,0.172,.349,46,114,149,2,21,74,589,257,0,258,17,87,7,0,2,3,38,13,246,41,1,31,101,16,5,0,3,0,3,0,0,7,0,0,152,2,0,0,1,0,1,0,0,67,18,3,0,630,0,936,152,1566,,1,1,0,0,.299,.489,.363,.382,.390,.191,.419,.448,.378,.397,-0.015,-0.033,-0.019,93,4,30.1,26,10.6,5.7,29.3,12.6,39.8,2,53.7,104.215656341,8.89711374,66.7,18,22.4,46.5,53.5,86,185,52.7,825,85.7,6.7,226,840,425,1566,82,89,494,47.3,741,42.3,25.8,43.4,32.5,34.1,33.3,246,57.1,56.5,139,17.9,44,23.2,57,2.4,6,,,,,,,,,,,3,0,13,0.0,1,5,20.0,9,10,90.0,11,11,100.0,11,12,91.7,0.2,-0.6,-0.2,-0.6,32.9,6,4.35,28.2,
De La Cruz, Bryan,650559,2023,26,333,363,93,64,19,0,10,90,26,24.8,7.2,.279,.426,.328,0.754,0.147,.350,49,150,142,1,3,89,471,248,0,263,14,88,10,0,0,0,27,15,247,51,0,37,82,28,5,0,0,0,0,1,0,1,0,4,186,1,0,0,1,0,0,0,0,40,1,1,1,514,4,965,186,1479,,0,3,0,0,.274,.423,.327,.328,.327,.150,.407,.410,.377,.375,.005,.003,-0.001,90.9,7.8,43.7,17,6.9,7.7,30.4,18.2,34.4,1.2,44.1,100.55582418,6.706759672,65.9,21.6,33.8,40.8,59.2,111,272,54.4,805,76,6.8,116,778,481,1479,78.4,96,445,45.6,675,41.7,28.9,48.5,36,36.8,27.1,247,65,44.1,109,21.1,52,32.8,81,2,5,,,,,,,,,,,-6,0,15,0.0,0,6,0.0,3,8,37.5,18,22,81.8,7,7,100.0,-0.2,-0.5,0.1,-0.5,32.5,,4.5,27.5,
Naylor, Josh,647304,2023,26,295,320,90,60,19,0,11,52,19,16.3,5.9,.305,.481,.344,0.825,0.176,.333,64,141,142,1,5,98,326,129,0,236,13,79,7,0,0,1,28,20,248,42,0,41,75,19,22,0,5,0,1,0,0,19,0,5,100,1,0,0,0,0,0,0,0,33,4,1,0,364,5,737,100,1101,,0,2,0,0,.299,.483,.348,.350,.341,.184,.399,.403,.363,.360,.006,-0.002,-0.002,89.6,14,36.7,22,8.9,8.1,29.8,23,27.4,2.4,44.4,101.069140161,6.826733846,72.6,12,40.5,33.1,66.9,80,242,54.3,598,80,7.7,167,519,370,1101,88,44,366,45.7,504,40,20.4,55.2,37.1,35.9,27,248,63,41.5,103,24.6,61,25,62,8.9,22,,,,,,,,,,,,,,,,,,,,,,,,,,,,,,,,,4.65,25.9,
Gurriel Jr., Lourdes,666971,2023,29,304,329,80,42,21,2,15,57,21,17.3,6.4,.263,.493,.316,0.809,0.230,.279,54,121,150,0,2,87,413,223,0,240,16,79,12,0,1,3,21,22,248,36,1,38,94,19,16,0,0,0,0,0,0,27,0,1,83,0,0,0,1,0,0,0,0,38,2,0,0,439,1,817,83,1256,,0,0,1,0,.246,.427,.346,.319,.302,.181,.391,.355,.323,.304,.017,.066,.027,88.7,10.3,31,22,8.9,8.1,19.8,22.6,36.7,4,46.4,99.660537823,6.192108508,65.2,11.5,28.5,33.1,66.9,58,175,48.9,615,75.8,7.9,116,729,339,1256,88.5,48,419,51.1,643,43.7,17.8,47.3,41.1,29.4,29.4,248,62.3,46.4,115,24.2,60,22.6,56,6.9,17,,,,,,,,,,,-1,0,5,0.0,0,3,0.0,5,7,71.4,6,6,100.0,4,5,80.0,0.3,-0.4,-0.2,-0.3,32.5,,4.53,26.9,
Bogaerts, Xander,593428,2023,30,316,360,80,56,14,0,10,69,39,19.2,10.8,.253,.392,.339,0.731,0.139,.293,35,155,124,1,9,87,500,316,0,216,6,84,12,0,0,3,32,16,249,32,0,40,95,17,15,0,0,0,0,0,0,4,0,2,121,1,0,0,2,0,2,0,0,44,7,2,0,529,2,911,121,1440,,2,2,0,0,.244,.395,.324,.323,.332,.151,.350,.349,.321,.311,.009,-0.003,.001,87.6,5.8,28.9,18,7.2,4.8,20.5,21.7,40.6,4.4,35.3,98.443955242,5.296163684,57.8,15.2,24.4,37.9,62.1,66,174,49.4,712,63,7.5,195,794,385,1440,84.8,64,421,50.6,728,42.2,21.8,41.3,31.7,37.3,30.9,249,58.1,51,127,22.5,56,20.5,51,6,15,,,,,,,,,,,,,,,,,,,,,,,,,,,,,,,,,4.36,27.7,
Profar, Jurickson,595777,2023,30,310,354,76,49,19,2,6,65,36,18.4,10.2,.245,.377,.326,0.703,0.132,.288,32,102,117,0,1,57,514,212,1,301,16,79,8,0,0,3,23,16,249,37,0,41,81,31,18,0,0,0,0,0,0,7,0,4,117,0,0,0,1,0,0,0,0,36,1,0,0,541,4,907,117,1448,,0,0,0,1,.252,.354,.311,.314,.337,.102,.331,.336,.305,.320,-0.007,.023,-0.003,86.5,12.6,39,11,4.4,5.2,28.1,24.9,32.9,4.4,31.7,97.11790944,4.586050763,69.2,12.4,26.3,42.6,56.9,80,188,49.4,716,83.7,7.2,227,833,349,1448,87.4,63,507,50.6,733,43,20.6,48,46.2,33.7,20.1,249,60.7,41.8,104,22.9,57,28.1,70,7.2,18,,,,,,,,,,,-9,0,11,0.0,1,6,16.7,2,8,25.0,4,7,57.1,10,11,90.9,-0.1,-2.8,-0.5,-3.4,30.1,,4.57,25.9,
Santander, Anthony,623993,2023,28,327,366,89,48,24,1,16,81,32,22.1,8.7,.272,.498,.342,0.840,0.226,.313,50,124,163,1,2,67,483,238,0,330,14,85,5,0,1,4,30,27,249,32,0,56,49,19,35,0,0,0,0,0,1,28,0,3,159,1,0,0,0,0,0,0,0,46,2,0,0,524,3,1001,159,1525,,0,0,0,0,.238,.432,.359,.326,.314,.194,.427,.379,.357,.317,.034,.066,.033,90.6,21.9,33.7,27,10.8,8,22.9,35.3,19.3,3.6,44.6,101.39375408,7.119214618,67.5,17.7,36.1,33.7,66.3,103,306,55.6,848,75.5,6.4,292,806,350,1525,82.3,81,457,44.4,677,43.5,24.1,50,48.6,32.9,18.5,249,65.3,31.7,79,33.3,83,20.9,52,14.1,35,,,,,,,,,,,-3,0,9,0.0,2,6,33.3,4,7,57.1,8,8,100.0,9,9,100.0,-0.7,0.6,0.8,0.8,33.4,,4.78,26.5,
Candelario, Jeimer,600869,2023,29,322,362,84,42,27,2,13,74,30,20.4,8.3,.261,.478,.337,0.815,0.217,.300,43,124,154,1,5,66,498,212,0,301,18,85,9,0,1,8,19,20,250,45,0,55,75,19,17,0,1,0,1,0,0,1,0,2,141,1,0,0,0,0,1,0,0,46,5,0,0,544,2,932,141,1476,,1,3,0,0,.247,.424,.350,.327,.325,.178,.401,.369,.336,.318,.014,.054,.023,88.7,15.4,38.4,18,7.2,8,24,28.8,27.2,4.8,38.4,99.59139016,5.95609632,70.5,15.3,28.8,41.9,58.1,93,222,52.2,771,77.8,6.1,238,745,432,1476,84.7,76,498,47.8,706,41.6,23.5,48.8,42,34,24,250,55.1,37.6,94,30,75,25.6,64,6.8,17,,,,,,,,,,,,,,,,,,,,,,,,,,,,,,,,,4.46,27.4,
Dubon, Mauricio,643289,2023,28,287,300,80,56,18,2,4,38,10,12.7,3.3,.279,.397,.303,0.700,0.118,.308,21,96,114,0,5,63,256,125,0,234,6,72,9,0,2,1,23,7,251,50,0,40,97,22,11,0,0,0,1,0,0,0,0,2,86,0,0,0,0,0,0,0,0,46,4,1,0,278,2,711,86,989,,0,7,0,0,.280,.386,.303,.302,.306,.106,.332,.331,.319,.322,-0.001,.011,.001,87.1,7.8,36.7,11,4.4,5.6,24.7,21.5,39.4,3.2,29.9,97.107050976,4.553525488,77.1,12.6,40.6,24,74.5,47,196,48.8,483,81.6,7.7,98,542,287,989,86.9,49,390,51.2,506,42.4,16.4,59.3,29.5,41,29.5,251,70.3,47.8,120,18.7,47,29.1,73,4.4,11,,,,,,,,,,,,,,,,,,,,,,,,,,,,,,,,1,4.27,28.1,
Castellanos, Nick,592206,2023,31,345,372,104,64,26,1,13,97,24,26.1,6.5,.301,.496,.344,0.840,0.195,.382,55,138,171,2,6,87,429,158,0,238,13,87,5,0,0,0,31,21,251,52,0,50,75,12,10,0,0,0,3,0,0,6,0,3,242,2,0,0,0,0,0,0,0,51,6,0,0,455,3,911,242,1366,,0,5,0,0,.280,.467,.359,.345,.327,.188,.466,.445,.414,.388,.021,.029,.014,89.3,12.8,35.9,28,11.2,8,29.1,21.5,27.1,3.2,45.8,100.992461984,6.734833466,73.7,20.7,39.3,57.9,42.1,168,290,54,738,86.1,5.8,205,650,431,1366,79.3,96,463,46,628,44.4,35.1,55.1,43,34.3,22.7,251,65.1,42.2,106,28.3,71,25.5,64,4,10,,,,,,,,,,,-2,0,10,0.0,1,7,14.3,2,6,33.3,3,3,100.0,17,17,100.0,-0.9,-1.8,0.4,-2.3,30.9,,4.48,27.0,
Gimenez, Andres,665926,2023,24,306,343,76,51,14,4,7,57,18,16.6,5.2,.248,.389,.320,0.709,0.141,.283,34,134,119,3,15,70,367,180,0,263,20,86,5,0,0,15,24,14,253,37,1,43,93,18,21,0,2,0,0,0,0,0,2,2,151,2,1,0,2,0,0,0,0,40,13,2,0,406,4,880,151,1286,,0,2,1,0,.246,.366,.310,.304,.319,.120,.331,.323,.303,.301,.002,.023,.006,84.6,14.1,30,12,4.7,4.7,20.2,28.1,32,9.5,24.5,96.061238607,4.050446626,70.5,19.9,39.8,33.6,64.9,90,268,52.4,674,70.2,7.3,144,735,354,1286,79.2,86,432,47.6,613,43.1,25.1,54.4,39.9,38.7,21.3,253,59.4,46.2,117,22.5,57,22.1,56,9.1,23,,,,,,,,,,,,,,,,,,,,,,,,,,,,,,,,17,4.18,29.3,
Nimmo, Brandon,607043,2023,30,342,401,91,61,13,4,13,92,46,22.9,11.5,.266,.442,.365,0.807,0.176,.325,41,110,151,1,3,61,596,312,0,272,19,88,2,0,1,9,34,18,254,39,0,40,77,25,18,0,0,0,2,0,0,3,1,3,143,1,0,0,0,0,0,0,0,52,3,0,0,630,4,1010,143,1640,,0,1,1,0,.257,.435,.353,.352,.360,.178,.406,.404,.360,.352,.009,.007,.001,91.4,10.7,34.3,23,9.1,6.7,23.2,24.4,32.7,3.9,46.1,101.54959373,7.491020198,63.3,17,20.6,48.2,51.2,79,164,48.6,797,69.2,7.9,195,1050,338,1640,82.8,91,534,51.4,843,41.8,24.4,42.6,34.3,35.4,30.3,254,64.1,43.7,111,22.8,58,26.4,67,7.1,18,,,,,,,,,,,2,0,10,0.0,2,7,28.6,5,10,50.0,21,22,95.5,22,22,100.0,-1.4,-0.2,0.7,-0.9,33.5,,4.26,28.2,