last_name, first_name,player_id,year,player_age,p_game,p_formatted_ip,pa,ab,hit,single,double,triple,home_run,strikeout,walk,k_percent,bb_percent,batting_avg,slg_percent,on_base_percent,on_base_plus_slg,xba,xslg,woba,xwoba,xobp,xiso,wobacon,xwobacon,bacon,xbacon,xbadiff,xslgdiff,wobadiff,exit_velocity_avg,launch_angle_avg,sweet_spot_percent,barrel,barrel_batted_rate,solidcontact_percent,flareburner_percent,poorlyunder_percent,poorlytopped_percent,poorlyweak_percent,hard_hit_percent,avg_best_speed,avg_hyper_speed,z_swing_percent,z_swing_miss_percent,oz_swing_percent,oz_swing_miss_percent,oz_contact_percent,out_zone_swing_miss,out_zone_swing,out_zone_percent,out_zone,meatball_swing_percent,meatball_percent,pitch_count_offspeed,pitch_count_fastball,pitch_count_breaking,pitch_count,iz_contact_percent,in_zone_swing_miss,in_zone_swing,in_zone_percent,in_zone,edge_percent,edge,whiff_percent,swing_percent,pull_percent,straightaway_percent,opposite_percent,batted_ball,f_strike_percent,groundballs_percent,groundballs,flyballs_percent,flyballs,linedrives_percent,linedrives,popups_percent,popups,pitch_hand,n,n_ff_formatted,ff_avg_speed,ff_avg_spin,ff_avg_break_x,ff_avg_break_z,ff_avg_break,ff_range_speed,n_sl_formatted,sl_avg_speed,sl_avg_spin,sl_avg_break_x,sl_avg_break_z,sl_avg_break,sl_range_speed,n_ch_formatted,ch_avg_speed,ch_avg_spin,ch_avg_break_x,ch_avg_break_z,ch_avg_break,ch_range_speed,n_cukc_formatted,cu_avg_speed,cu_avg_spin,cu_avg_break_x,cu_avg_break_z,cu_avg_break,cu_range_speed,n_sift_formatted,si_avg_speed,si_avg_spin,si_avg_break_x,si_avg_break_z,si_avg_break,si_range_speed,n_fc_formatted,fc_avg_speed,fc_avg_spin,fc_avg_break_x,fc_avg_break_z,fc_avg_break,fc_range_speed,n_fs_formatted,fs_avg_speed,fs_avg_spin,fs_avg_break_x,fs_avg_break_z,fs_avg_break,fs_range_speed,n_kn_formatted,kn_avg_speed,kn_avg_spin,kn_avg_break_x,kn_avg_break_z,kn_avg_break,kn_range_speed,n_fastball_formatted,fastball_avg_speed,fastball_avg_spin,fastball_avg_break_x,fastball_avg_break_z,fastball_avg_break,fastball_range_speed,n_breaking_formatted,breaking_avg_speed,breaking_avg_spin,breaking_avg_break_x,breaking_avg_break_z,breaking_avg_break,breaking_range_speed,n_offspeed_formatted,offspeed_avg_speed,offspeed_avg_spin,offspeed_avg_break_x,offspeed_avg_break_z,offspeed_avg_break,offspeed_range_speed,
Garrett, Braxton,666129,2023,25,18,92.1,378,357,90,53,24,1,12,101,15,26.7,4,.252,.426,.291,0.717,.265,.444,.309,.324,.304,.178,.400,.422,.350,.370,-0.013,-0.018,-0.015,91.2,7.8,34.2,25,9.7,6.2,28.4,16,37.4,1.9,46.3,80.51805,7.269653633,63.1,15.1,33.6,53.4,45.7,124,232,49.2,690,68.6,7.5,128,748,526,1402,84.4,68,450,50.8,713,41.4,581,28.2,48.6,48.6,35.4,16,257,67.2,47.5,122,20.2,52,29.2,75,3.1,8,L,1402,5.2,89.6,2267,8,-20.8,15.7,1.2,27.8,82.5,2212,-10.6,-43.5,11.3,1.1,9.1,84,1501,14.3,-36.6,14.7,1.5,9.7,77.5,2161,-10.6,-53.5,13.4,1.3,28.2,90,2070,15.6,-26.7,17.3,1,19.9,87.5,2376,-1.8,-31,5.5,1.1,,,,,,,,,,,,,,,53.4,89,2204,8.3,-27.7,12.7,1.7,37.5,81.2,2199,-10.6,-46.1,11.8,2.7,9.1,84,1501,14.3,-36.6,14.7,1.5,
Lorenzen, Michael,547179,2023,31,15,87.0,349,321,79,55,12,1,11,66,20,18.9,5.7,.246,.393,.293,0.686,.262,.449,.298,.328,.308,.187,.340,.380,.307,.328,-0.016,-0.056,-0.030,90.4,12.5,33.8,22,8.5,3.8,25.4,27.3,31.2,3.8,40.4,80.548665469,6.444799453,68.1,15.8,29.1,37,62.5,68,184,48,632,72.7,9.2,274,629,320,1319,84.2,74,467,52,686,41.4,546,21.8,49.4,38.5,35.8,25.8,260,69.3,43.1,112,29.6,77,24.2,63,3.1,8,R,1318,33.7,94.5,2484,-12,-14.6,20.2,1.2,23.4,85.1,2592,2.6,-38.5,3.4,1.3,20.8,85.1,2129,-15.9,-28.2,18.7,1.4,0.9,81.7,2661,5.8,-54.6,14.8,1.4,12.6,93.8,2347,-15.7,-19.6,19.5,1.1,1.4,90.8,2668,-0.4,-25.1,8.2,1.5,,,,,,,,,,,,,,,47.7,94.2,2453,-12.6,-16.2,19.6,1.4,31.5,84.6,2598,4.6,-39.2,5.5,1.6,20.8,85.1,2129,-15.9,-28.2,18.7,1.4,
Flaherty, Jack,656427,2023,27,17,92.2,409,348,97,68,23,0,6,89,48,21.8,11.7,.279,.397,.375,0.772,.263,.391,.344,.341,.364,.128,.384,.380,.369,.352,.016,.006,.003,87.4,10.1,36.1,17,6.5,6.5,28.5,19.4,32.7,6.5,36.5,75.833583939,5.600882471,64.5,18.7,24,42.9,56.2,93,217,54.2,904,74,7.4,50,891,725,1667,80.9,92,492,45.8,763,41.9,698,26.1,42.5,41.4,33.1,25.5,263,57.5,46.8,123,22.8,60,25.5,67,4.9,13,R,1666,40.2,93,2288,-1.9,-18.4,13.4,1.7,25.3,84,2460,7.6,-37.9,8,2,3,84.9,1622,-11.7,-31.7,13.4,1.7,18.2,75.5,2477,14.8,-57.3,17.4,2.3,2.4,89.9,2017,-10.4,-25.6,13.5,1.8,10.9,88.6,2283,5.1,-28.8,8.1,1.7,,,,,,,,,,,,,,,53.5,92,2275,-0.8,-20.8,12.4,2.7,43.5,80.4,2467,10.6,-46,11.9,5.1,3,84.9,1622,-11.7,-31.7,13.4,1.7,
Gray, Jon,592351,2023,31,16,93.0,374,331,76,55,9,1,11,75,30,20.1,8,.230,.363,.302,0.665,.257,.400,.294,.321,.328,.142,.322,.361,.292,.329,-0.027,-0.037,-0.027,88.4,14.3,35.7,16,6.1,3.8,27.4,27.8,29.3,4.6,35.4,77.883405736,5.525847471,68.2,15.6,34,44.7,54,106,237,50.4,698,77.3,7.9,184,600,447,1383,84,73,468,49.6,686,41.3,572,25.4,51,32.3,38.4,29.3,263,69,40.7,107,25.9,68,26.6,70,6.8,18,R,1383,43.4,95.5,2008,-10,-16.9,16.7,1.1,25.9,87.4,2437,3.9,-33.3,5.2,1.2,13.3,88.6,1432,-14.8,-28.5,16.4,1.1,6.4,78.4,2525,12.5,-53.8,15.6,1.5,,,,,,,,,,,,,,,,,,,,,,,,,,,,,43.4,95.5,2008,-10,-16.9,16.7,1.1,43.3,85,2466,7.1,-36.8,8.7,3.8,13.3,88.6,1432,-14.8,-28.5,16.4,1.1,
Steele, Justin,657006,2023,27,16,91.1,368,339,78,55,17,2,4,81,19,22,5.2,.230,.327,.279,0.606,.233,.346,.269,.280,.284,.113,.312,.328,.300,.307,-0.003,-0.019,-0.011,85.6,11.1,33.1,15,5.7,3.8,23.6,23.2,36.1,7.6,30.8,73.734787769,4.770739423,70.7,14.5,32.2,44.2,55.8,92,208,47.8,645,83.5,7.2,12,886,450,1348,85.3,72,497,52.2,703,44.5,600,23.3,52.3,36.1,36.9,27,263,64.7,49.4,130,21.7,57,21.7,57,7.2,19,L,1348,63.2,92,2398,-1.5,-22,10.5,1.4,32.8,83.1,2663,-15.2,-40.4,15.4,1.5,0.9,87.7,1851,10.6,-26.9,13.9,1.4,0.6,80.9,2688,-12.3,-52.5,16.5,1.4,2.5,92.3,2380,7.1,-20.4,14.1,1.5,,,,,,,,,,,,,,,,,,,,,,65.7,92,2397,-1.2,-21.9,10.7,1.4,33.4,83.1,2664,-15.1,-40.6,15.4,1.5,0.9,87.7,1851,10.6,-26.9,13.9,1.4,
Morton, Charlie,450203,2023,39,17,97.0,425,372,95,64,19,2,10,111,42,26.1,9.9,.255,.398,.336,0.734,.251,.416,.323,.329,.333,.165,.393,.404,.360,.355,.004,-0.018,-0.006,88.6,8.4,35.3,23,8.6,4.5,26.3,20.7,34.6,4.5,38,76.871899618,6.426918851,60.8,17.9,29.2,56.2,43.8,149,265,54.6,907,71.4,6.7,162,753,747,1662,81.5,82,459,45.4,755,41.2,685,31.9,43.6,35,41,24.1,266,59.3,47.7,127,25.6,68,22.2,59,4.5,12,R,1662,33.5,95,2303,-13.1,-19.3,17.2,1.3,,,,,,,,9.7,86.4,2102,-17.5,-36.4,17.6,1.6,44.9,82.3,3082,14,-48.3,16.3,1.1,7.8,94.3,2155,-17.8,-25.2,18.9,1.4,4,88.5,2511,0.8,-28.9,6.3,1.5,,,,,,,,,,,,,,,45.3,94.3,2296,-12.6,-21.1,16.5,2.4,44.9,82.3,3082,14,-48.3,16.3,1.1,9.7,86.4,2102,-17.5,-36.4,17.6,1.6,
Schmidt, Clarke,657376,2023,27,19,88.0,384,349,96,58,24,1,13,87,26,22.7,6.8,.275,.461,.328,0.789,.252,.414,.339,.316,.309,.162,.409,.377,.360,.333,.023,.047,.023,91,15.1,32.2,22,8.2,5.6,25.5,27.3,31.5,1.1,44.2,80.368818333,7.217352121,65.5,13.6,29.3,45,55,94,209,47.2,713,75.8,8.2,22,749,294,1511,86.2,71,523,52.8,799,42.6,644,22.5,48.4,42.3,33.7,24,267,66.1,42.3,113,26.6,71,23.6,63,7.5,20,R,1511,,,,,,,,,,,,,,,1.5,89.9,2104,-8.2,-31.4,8.7,1.3,19.5,83.8,2939,16,-47.1,17.9,1.2,24.4,94.1,2541,-10.2,-23.8,12.8,1.4,25.2,91.4,2743,3.5,-25.2,8.3,1.5,,,,,,,,,,,,,,,49.6,92.7,2644,-3.3,-24.5,10.5,2.1,49,85.2,2950,12.1,-38.3,13.6,1.8,1.5,89.9,2104,-8.2,-31.4,8.7,1.3,
Anderson, Tyler,542881,2023,33,16,84.0,376,327,91,54,25,2,10,68,37,18.1,9.8,.278,.459,.350,0.809,.264,.411,.349,.335,.343,.147,.385,.366,.342,.331,.014,.048,.014,87.2,20.4,35.1,17,6.3,6.7,28.7,32.8,19.8,4.9,31.7,76.414402519,5.023104138,72.7,19.4,29.8,42.9,56.7,100,233,53.7,782,82,6.1,475,965,15,1455,80,95,489,46.3,673,43.3,630,27,49.6,38.4,34.7,26.9,268,60.6,31,83,35.1,94,25.7,69,8.2,22,L,1455,35.4,89.9,2222,5.6,-15.1,19.9,1.5,0.8,77.5,2459,-3.6,-45.9,7.3,1.9,32.6,79.8,1878,13.4,-31.2,18,1.6,0.3,76.6,2388,-13.2,-45,13.9,1.4,6.4,88.1,2226,18.6,-29.4,19.8,1.4,24.5,84.9,2467,-3,-26.7,11.8,2,,,,,,,,,,,,,,,66.3,87.8,2313,3.7,-20.7,16.9,3.1,1,77.3,2440,-6.1,-45.6,9,1.9,32.6,79.8,1878,13.4,-31.2,18,1.6,
Kikuchi, Yusei,579328,2023,32,18,93.1,392,362,93,57,13,1,22,96,27,24.5,6.9,.257,.481,.310,0.791,.247,.478,.339,.334,.301,.231,.424,.417,.350,.336,.010,.003,.005,90.8,14.8,36.9,29,10.8,7.1,24.3,26.1,29.1,2.6,44,81.313724511,6.545153585,68.1,19.8,28.9,51.4,48.6,113,220,47.8,761,83.8,8.5,226,697,668,1592,80,112,566,52.2,831,43.7,696,28.6,49.4,37.7,34.7,27.6,268,59.9,37.3,100,29.5,79,23.5,63,9.7,26,L,1591,43.8,95.3,2362,9.9,-13.3,19.8,1,25.6,89,2424,-2,-30.7,5.4,1.7,14.2,88.8,1725,9.2,-27.2,12.1,1.5,16.4,83.5,2512,-5.8,-41.7,7.6,2.2,,,,,,,,,,,,,,,,,,,,,,,,,,,,,43.8,95.3,2362,9.9,-13.3,19.8,1,42,86.9,2458,-3.5,-35,6.3,3.6,14.2,88.8,1725,9.2,-27.2,12.1,1.5,
Ashcraft, Graham,668933,2023,25,16,81.2,373,328,95,64,15,3,13,61,35,16.4,9.4,.290,.473,.367,0.840,.288,.446,.364,.360,.367,.158,.395,.390,.353,.354,.002,.027,.004,89,7.5,32.6,19,7,5.9,28.1,17.8,35.6,5.6,42.2,77.179061567,6.621033246,66.7,14.3,27.8,42.8,56.2,83,194,50.1,697,75,7.8,0,859,531,1391,85.3,66,462,49.9,693,43.7,607,22.7,47.2,33.3,40.7,25.9,270,57.1,48.5,131,21.5,58,24.8,67,5.2,14,R,1390,,,,,,,,38.2,88.1,2852,13.5,-36,13.8,1.7,,,,,,,,,,,,,,,6.4,96.6,2354,-8,-22,11.3,1.5,55.4,96.1,2467,0.6,-22.5,7.8,1.5,,,,,,,,,,,,,,,61.8,96.2,2456,-0.3,-22.4,8.2,1.5,38.2,88.1,2852,13.5,-36,13.8,1.7,,,,,,,,
Javier, Cristian,664299,2023,26,17,91.1,381,348,86,48,24,1,13,82,25,21.5,6.6,.247,.434,.300,0.734,.245,.464,.316,.328,.300,.219,.371,.389,.319,.319,.002,-0.030,-0.012,88.8,23,38.4,26,9.6,7,20.7,37.6,19.6,4.8,36.5,78.145988657,5.893778769,68.8,18.3,30.8,41.7,57.9,106,254,52.8,826,76.4,8.1,33,922,607,1562,81.5,93,508,47.2,738,40.6,635,26.1,48.8,34.3,36.2,29.5,271,54.6,28,76,34.7,94,24.7,67,12.5,34,R,1562,59,92.6,2241,-5.4,-13.7,19.3,1.1,31.8,79.4,2532,13.1,-40.7,13.8,1.5,2.1,83.4,2322,-15.6,-29.9,18.4,1.6,7.1,76.4,2921,12,-57.1,15.9,1.4,,,,,,,,,,,,,,,,,,,,,,,,,,,,,59,92.6,2241,-5.4,-13.7,19.3,1.1,38.9,78.9,2603,12.9,-43.7,14.2,2,2.1,83.4,2322,-15.6,-29.9,18.4,1.6,
Cobb, Alex,502171,2023,35,16,89.2,383,358,99,74,17,2,6,86,21,22.5,5.5,.277,.385,.321,0.706,.261,.405,.310,.311,.307,.143,.374,.375,.363,.343,.016,-0.020,-0.001,89.7,1.3,31.1,18,6.6,7.3,23.4,12.8,44.7,5.1,45.1,77.921405074,7.129458782,60.1,14.6,32.2,36.6,63.4,89,243,51.6,755,65.8,5,534,612,318,1464,84.7,62,426,48.4,709,44.1,646,22.6,45.7,34.1,42.5,23.4,273,68.1,57.9,158,16.1,44,24.2,66,1.8,5,R,1464,0.5,95.8,2140,-6.6,-17.5,14.7,1.4,5.9,86.3,2633,11.4,-40.4,12.3,1.1,,,,,,,,15.8,83.6,2686,7.9,-52.8,15.8,1.2,41.3,94.7,2101,-15.9,-23.3,17.6,0.9,,,,,,,,36.5,89.9,1629,-13.5,-31.1,14.1,1.2,,,,,,,,41.8,94.8,2102,-15.7,-23.2,17.5,0.9,21.7,84.4,2672,8.9,-49.4,14.8,1.8,36.5,89.9,1629,-13.5,-31.1,14.1,1.2,
Walker, Taijuan,592836,2023,30,18,96.1,398,355,82,51,17,2,12,85,38,21.4,9.5,.231,.392,.307,0.699,.239,.394,.307,.313,.315,.155,.345,.355,.301,.313,-0.008,-0.002,-0.006,88.6,9.4,35.2,19,7,7,20.5,23.1,37.4,4.4,39.6,77.024337985,6.201408769,62.2,13,29.7,36,63.6,89,247,54.1,833,67.9,6.9,550,868,51,1539,86.6,57,439,45.9,706,42,646,21.3,44.6,37.4,39.6,23.1,273,60.8,47.3,129,23.1,63,24.2,66,5.5,15,R,1539,18.2,93.3,2157,-9,-14.6,19.2,1.5,,,,,,,,,,,,,,,3.3,74.3,2420,8.9,-62.5,15.6,1.9,24.2,93,2009,-15.2,-19.8,19.3,1.6,14,88,2402,2.3,-23.7,12,1.7,35.7,88.6,1479,-12.8,-32.1,13.3,1.5,,,,,,,,56.4,91.8,2154,-8.9,-19.1,17.5,2.9,7.9,79,2527,10,-45.4,14.5,4.1,35.7,88.6,1479,-12.8,-32.1,13.3,1.5,
Sandoval, Patrick,663776,2023,26,16,85.2,385,342,90,67,16,1,6,70,36,18.2,9.4,.263,.368,.340,0.708,.266,.398,.315,.327,.343,.132,.342,.359,.331,.335,-0.003,-0.030,-0.012,86.8,7.5,36.1,19,6.9,4.4,25.2,20.1,36.1,6.2,34.3,74.651700075,5.472173209,63.7,17.3,30.2,50.2,49.8,119,237,52.3,785,83.2,7.1,393,495,577,1502,82.5,79,457,47.7,717,40.9,615,28.5,46.2,39.8,38.3,21.9,274,59.5,49.6,136,19.3,53,25.9,71,5.1,14,L,1502,25.9,92.5,2013,3.7,-15.2,17.4,1.5,29.4,86.5,2480,-6.1,-33,7.7,1.6,26.2,83.1,1772,13.9,-28.7,17.9,1.5,9,76,2728,-8.5,-61,16.2,1.6,7.1,92.5,1916,13.2,-18.4,19.1,1.4,,,,,,,,,,,,,,,,,,,,,,33,92.5,1992,5.7,-15.9,17.8,1.5,40.9,83.9,2542,-7.3,-39.9,10.1,5,26.2,83.1,1772,13.9,-28.7,17.9,1.5,
Gray, Sonny,543243,2023,33,18,99.2,419,376,88,63,20,2,3,101,39,24.1,9.3,.234,.322,.306,0.628,.244,.374,.282,.308,.318,.129,.325,.364,.318,.335,-0.010,-0.052,-0.026,89.5,9.3,33.5,19,6.8,5.8,24.5,20.9,37.8,4.3,42.1,78.422045547,6.519897044,64.9,15.9,28.5,49.8,49,122,245,52.9,861,74.8,7.8,108,917,319,1628,83.9,79,498,47.1,767,41.2,670,27.1,45.6,36.7,37.4,25.9,278,60.6,50,139,17.3,48,27,75,5.8,16,R,1625,24,92.8,2530,0.1,-18.7,13.1,0.9,,,,,,,,6.6,87.4,1707,-14.2,-30.7,15.4,1.3,19.6,79.3,2669,13.2,-58.8,19.9,1.2,16.7,92.6,2434,-11.4,-21.8,15.3,1,15.7,87.6,2692,5.2,-33.9,6.5,1.6,,,,,,,,,,,,,,,56.4,91.3,2546,-1.9,-23.9,11.9,2.8,36.9,81.5,2690,14.3,-52.3,18.5,2.8,6.6,87.4,1707,-14.2,-30.7,15.4,1.3,
Sears, JP,676664,2023,27,18,99.2,404,368,81,47,12,3,19,93,23,23,5.7,.220,.424,.282,0.706,.242,.458,.304,.331,.304,.217,.359,.397,.291,.323,-0.022,-0.034,-0.027,88,24.4,32.4,34,12.2,5,22.3,38.5,17.6,4.3,36.7,76.490472681,5.85762337,71.4,20.3,31.4,35.5,64.5,88,248,48,791,78.9,7.8,216,868,147,1648,79.2,124,612,52,857,43.8,721,24.7,52.2,39.6,29.5,30.9,278,66.1,28.4,79,39.2,109,19.8,55,12.6,35,L,1648,52.7,92.9,2158,11.4,-16.8,18.9,1.1,8.9,81.8,2431,-2,-32.9,8.6,1.5,13.1,83.7,1731,17.1,-35.6,17.5,1.4,,,,,,,,,,,,,,,,,,,,,,,,,,,,,,,,,,,,52.7,92.9,2158,11.4,-16.8,18.9,1.1,34.2,81.2,2458,-8.6,-35.4,11.7,1.6,13.1,83.7,1731,17.1,-35.6,17.5,1.4,
Cease, Dylan,656302,2023,27,19,102.2,448,398,96,63,15,6,12,123,42,27.5,9.4,.241,.399,.319,0.718,.247,.398,.314,.319,.326,.151,.389,.398,.345,.356,-0.006,.001,-0.005,91.1,14.6,34.9,21,7.6,7.9,30.6,25.9,25.9,2.2,46,80.885098841,7.009259638,68.8,18.5,29,52.5,47.1,156,297,55.1,1025,79.8,6.9,57,753,1049,1859,81.4,106,574,44.9,834,38.4,714,30.1,46.9,39.9,38.8,21.2,278,63.2,39.2,109,27,75,27,75,6.8,19,R,1859,40.5,95.4,2509,-3.2,-11.3,19.2,1.2,40.4,86.1,2794,2.8,-34.9,4.1,1.5,3.1,76.3,1722,-7.5,-30.9,17.8,2.5,16,79.9,2628,3.9,-59.3,16.8,1.8,,,,,,,,,,,,,,,,,,,,,,,,,,,,,40.5,95.4,2509,-3.2,-11.3,19.2,1.2,56.4,84.4,2747,3.2,-41.8,7.7,3.5,3.1,76.3,1722,-7.5,-30.9,17.8,2.5,
Wells, Tyler,669330,2023,28,18,104.2,406,379,73,35,15,2,21,103,24,25.4,5.9,.193,.409,.241,0.650,.219,.439,.278,.302,.267,.219,.343,.379,.263,.300,-0.026,-0.030,-0.024,89,21,32,32,11.5,6.5,19.8,35.6,21.9,4.3,39.2,77.92686029,6.245185091,67.5,19.7,29.6,40.3,59.7,102,253,52.2,855,72.1,7.4,313,936,390,1639,79.8,104,529,47.8,784,41.7,683,26.3,47.7,33.8,40.6,25.5,278,62.1,33.1,92,35.6,99,19.4,54,11.9,33,R,1639,36.9,92.5,2441,-4.3,-13,19.6,1.1,15.1,84,2460,5.9,-36.2,6.7,1.6,19.1,85.3,2245,-15.5,-24.6,20.4,1.1,8.7,74,2641,10.5,-62.9,16.6,1.5,,,,,,,,20.2,88.7,2416,4.3,-22.7,12.9,1.2,,,,,,,,,,,,,,,57.1,91.1,2432,-1.3,-16.4,17.2,2.3,23.8,80.4,2526,7.6,-45.9,10.3,5.4,19.1,85.3,2245,-15.5,-24.6,20.4,1.1,
Lopez, Pablo,641154,2023,27,18,111.0,453,413,91,61,15,3,12,138,30,30.5,6.6,.220,.358,.281,0.639,.210,.348,.280,.274,.272,.138,.366,.356,.327,.313,.010,.010,.006,87.6,15.4,33.5,20,7.2,6.1,24.5,28.4,29.1,4.7,36,76.592191942,5.370079317,68.4,22.3,36.3,44.3,55.7,139,314,50.6,865,75.9,7.8,356,783,213,1710,77,129,578,49.4,845,45.3,775,30,52.2,38.8,39.6,21.6,278,71.7,39.9,111,26.6,74,25.9,72,7.9,22,R,1710,35.3,94.9,2281,-4.9,-15.7,15.5,1.2,,,,,,,,20.8,88.4,2060,-16.6,-29.5,17.6,1.4,12.5,82.3,2642,9.4,-51.4,14.6,1.5,10.5,94.5,2127,-14.2,-22.4,16.6,1.2,,,,,,,,,,,,,,,,,,,,,,45.8,94.8,2246,-7,-17.2,15.7,1.2,33.4,83.5,2545,11.7,-43,13.9,2,20.8,88.4,2060,-16.6,-29.5,17.6,1.4,
Eflin, Zach,621107,2023,29,17,102.1,401,382,86,57,17,1,11,105,15,26.2,3.7,.225,.361,.258,0.619,.220,.363,.268,.271,.254,.143,.343,.347,.309,.305,.005,-0.002,-0.003,87.2,7.7,27.2,24,8.6,5.4,21.9,18.6,36.9,8.2,36.9,74.416703015,6.040663603,63.1,16,33.8,41.7,57.1,100,240,48.3,711,72.7,6.7,76,954,426,1473,83.6,77,481,51.7,762,44.9,662,24.5,48.9,43.7,34.4,21.9,279,65.8,53.4,149,19.4,54,19.7,55,7.5,21,R,1473,3.5,93,2209,-8.9,-17.6,16.8,1.3,0.5,84.1,2292,5.8,-38.2,6.1,1.5,5.2,86.4,1561,-15.9,-32,16.9,1.8,28.4,79.1,2483,11.6,-50.7,13.6,1.4,34.2,92.2,2087,-16.9,-26.5,18,1.2,27,88.6,2225,2,-25.7,9.5,1.4,,,,,,,,,,,,,,,64.8,90.8,2151,-8.6,-25.7,14.4,2.4,30.1,79.1,2478,11.7,-50.2,13.6,1.6,5.2,86.4,1561,-15.9,-32,16.9,1.8,
Luzardo, Jesus,666200,2023,25,19,109.1,443,409,97,55,28,2,12,129,27,29.1,6.1,.237,.403,.291,0.694,.225,.393,.300,.294,.281,.167,.394,.383,.344,.329,.012,.010,.006,89.2,13.8,36.5,30,10.6,8.2,20.2,25.5,31.9,3.5,39.4,78.255492214,6.270982401,67.2,19.3,32.2,54.6,45.4,161,295,51.3,917,73,7.1,365,882,539,1786,80.3,113,585,48.7,870,42.6,762,31.1,49.3,36.5,33.7,29.8,282,59.6,42.2,119,27,76,20.9,59,9.9,28,L,1786,43.5,96.8,2257,14,-15.4,19.9,1.2,30.2,85.1,2297,0.1,-36,2.2,1.4,20.4,88.3,1977,16.4,-28.3,17.9,1.3,,,,,,,,5.7,96.6,2201,17.5,-19.1,20.5,1.3,0.2,92.4,2106,1.7,-26.3,6.2,1.4,,,,,,,,,,,,,,,49.4,96.7,2250,14.4,-15.9,19.9,1.2,30.2,85.1,2297,0.1,-36,2.2,1.4,20.4,88.3,1977,16.4,-28.3,17.9,1.3,
Dunning, Dane,641540,2023,28,20,92.0,371,339,80,57,16,1,6,59,24,15.9,6.5,.236,.342,.296,0.638,.275,.435,.284,.336,.333,.161,.298,.367,.284,.332,-0.039,-0.093,-0.052,89.1,10.1,34,20,7.1,7.1,24.8,22.3,35.1,3.2,40.1,78.171087943,6.190315979,66.5,12,27.4,34.2,65.2,63,184,48.9,672,82.1,9,223,781,369,1373,88,56,466,51.1,701,44.1,606,18.3,47.3,40.1,37.6,22.3,282,64.2,46.1,130,24.1,68,23.8,67,6,17,R,1373,3.3,90.3,2118,-6.2,-23.5,12.1,1.2,21.9,82.6,2386,3.5,-41.6,4.6,1.6,16.2,85.9,1790,-16.7,-32,17.6,1.2,5,78.2,2156,10.6,-59.4,17.9,1.5,31.5,90.7,2057,-12.7,-25.4,15.1,1.2,22.1,88.7,2222,1.6,-24.6,10.3,1.3,,,,,,,,,,,,,,,56.9,89.9,2124,-6.8,-25,13.1,1.6,26.9,81.8,2343,4.8,-44.9,7,2.5,16.2,85.9,1790,-16.7,-32,17.6,1.2,
Gausman, Kevin,592332,2023,32,19,115.2,470,438,102,66,26,1,9,153,29,32.6,6.2,.233,.358,.284,0.642,.231,.393,.282,.294,.282,.162,.388,.409,.358,.355,.002,-0.035,-0.012,90.1,12.5,35.8,28,9.8,10.9,24.6,21.8,29.1,3.5,45.6,78.781619014,7.19143318,67.6,19.4,32.9,45,55,150,333,53.2,1013,79.1,7.3,715,977,208,1904,80.6,117,602,46.8,891,43.2,823,28.6,49.1,31.9,41.1,27,285,62.3,43.2,123,27.4,78,23.9,68,5.6,16,R,1904,51.3,94.7,2279,-10.8,-13.4,20.6,2.3,10.9,84,2237,1.1,-34.4,5,2.3,0.1,84.8,1865,-7.6,-33.4,9.3,1.5,,,,,,,,,,,,,,,,,,,,,,37.4,86.1,1798,-16.6,-32.7,17.3,2.1,,,,,,,,51.3,94.7,2279,-10.8,-13.4,20.6,2.3,11.1,83.9,2236,1.2,-34.5,5.1,2.3,37.6,86.1,1798,-16.6,-32.7,17.3,2.1,
Ryan, Joe,657746,2023,27,18,107.0,430,405,90,60,13,1,16,124,18,28.8,4.2,.222,.378,.258,0.636,.215,.360,.274,.267,.253,.145,.362,.351,.316,.309,.007,.018,.007,89.7,19.8,31.9,18,6.3,9.8,22.1,34.4,23.2,3.9,42.8,79.114060426,6.450221631,73.2,22.6,36.1,35.7,64.3,99,277,45.7,768,78.9,8.5,461,977,68,1679,76.8,151,667,54.3,911,46.5,780,26.5,56.2,38.2,37.2,24.6,285,67.9,34.7,99,33.3,95,21.8,62,10.2,29,R,1679,58.2,92.5,2203,-10.6,-17.1,18.4,1.4,4.1,82.6,2326,5.5,-37.7,6.7,1.3,,,,,,,,,,,,,,,,,,,,,,,,,,,,,27.5,83.7,1317,-11.5,-36.3,12.3,2,,,,,,,,58.2,92.5,2203,-10.6,-17.1,18.4,1.4,14.4,80.3,2435,10.8,-41.2,11.5,2.4,27.5,83.7,1317,-11.5,-36.3,12.3,2,
Castillo, Luis,622491,2023,30,18,107.1,435,401,84,46,22,1,15,117,28,26.9,6.4,.209,.382,.265,0.647,.231,.410,.281,.302,.285,.179,.350,.383,.294,.325,-0.022,-0.028,-0.021,90.3,16,28.2,26,9.1,7.3,19.9,27.5,32.8,3.5,43.2,78.930273776,7.035631193,72.8,23.8,30.1,53.3,46.7,137,257,49.2,855,76.5,7.6,280,1093,365,1738,75.7,153,643,50.8,883,42.3,736,32.2,51.8,35.2,36.9,27.9,287,64.1,42.2,121,24.7,71,22.3,64,10.8,31,R,1738,44.1,96.2,2326,-11.9,-15.6,18.5,1.4,21,85.7,2352,1.4,-36.6,3,1.5,16.1,88.4,1911,-17.9,-33.9,18.1,1.5,,,,,,,,18.8,95.7,2115,-18.7,-24.7,19.6,1.4,,,,,,,,,,,,,,,,,,,,,,62.9,96,2263,-14,-18.3,18.8,1.4,21,85.7,2352,1.4,-36.6,3,1.5,16.1,88.4,1911,-17.9,-33.9,18.1,1.5,
Lynn, Lance,458681,2023,36,18,103.0,456,412,109,67,18,2,22,127,37,27.9,8.1,.265,.478,.331,0.809,.247,.442,.347,.329,.316,.195,.451,.422,.380,.356,.018,.036,.018,88.6,14.2,36.6,30,10.5,5.2,25.4,24.4,28.6,5.2,40.4,76.771391489,6.333863227,74.3,24.8,29,46.7,52.6,128,274,51.8,944,85.6,6.5,131,1485,204,1824,74.8,162,654,48.2,880,42.4,774,31.3,50.9,41.5,33.1,25.4,287,67.1,39.7,114,26.5,76,25.4,73,8.4,24,R,1824,41.4,92.4,2426,-3,-18.6,13.9,1.3,4.4,83,2472,4.3,-43.1,6.1,1.3,7.2,84.9,1809,-14.4,-32.1,15.8,1.4,6.7,80.7,2474,14.1,-43.7,14.5,1.5,13.5,91.2,2256,-11.1,-26.5,13,1.4,26.5,88.3,2583,2.9,-29.9,6.5,1.7,,,,,,,,,,,,,,,81.4,90.9,2449,-2.4,-23.6,11.4,2.5,11.4,81.6,2474,10.2,-43.4,11.1,1.8,7.2,84.9,1809,-14.4,-32.1,15.8,1.4,
Smyly, Drew,592767,2023,34,18,94.0,405,364,94,53,23,3,15,79,34,19.5,8.4,.258,.462,.322,0.784,.251,.405,.336,.317,.317,.155,.383,.356,.325,.319,.007,.057,.019,87.3,20.6,34.5,20,6.9,5.5,26.9,33.1,22.1,5.5,34.1,75.512250903,5.570388955,64.4,16,29.3,38.5,61.5,92,239,52.5,815,76.3,7.4,0,807,744,1551,83.5,76,474,47.5,736,42.9,665,23.6,46,43.8,33.8,22.4,290,61.2,35.2,102,26.2,76,24.8,72,13.8,40,L,1551,,,,,,,,,,,,,,,,,,,,,,48,78,2065,3.1,-46.4,4,1.4,42,91.6,2052,8.3,-16.2,18.5,1.1,10,88.4,2047,3.1,-25.4,10.3,1.3,,,,,,,,,,,,,,,52,91,2051,7.3,-18,17,1.8,48,78,2065,3.1,-46.4,4,1.4,,,,,,,,
DeSclafani, Anthony,543101,2023,33,17,93.1,386,358,93,57,23,1,12,72,18,18.7,4.7,.260,.430,.301,0.731,.278,.474,.315,.342,.319,.196,.365,.400,.323,.346,-0.018,-0.044,-0.027,90,10.6,33,24,8.2,7.6,26.1,23.4,27.1,7.2,44.7,78.386147902,7.12632,66.6,10.9,27.2,40.5,58,81,200,51.1,734,78,8.6,145,577,713,1435,89.1,51,467,48.9,701,40.8,586,19.8,46.5,34,39.2,26.8,291,61.9,43.6,127,24.1,70,26.5,77,5.8,17,R,1435,12.4,93.2,2252,-10.2,-15.7,19,1.2,44.4,87.3,2149,4,-29,8.1,1.4,10.1,86.4,1589,-15.5,-33.1,16,1.5,5.3,82.3,2072,9.7,-45.9,11.4,1.6,27.8,93,2132,-16,-21.2,19.2,1.3,,,,,,,,,,,,,,,,,,,,,,40.2,93.1,2169,-14.2,-19.5,19.1,1.2,49.7,86.8,2141,4.6,-30.8,8.5,2.2,10.1,86.4,1589,-15.5,-33.1,16,1.5,
Gray, Josiah,680686,2023,25,18,100.1,436,383,97,64,18,1,14,92,47,21.1,10.8,.253,.415,.339,0.754,.247,.404,.331,.327,.335,.158,.372,.366,.331,.325,.006,.011,.004,87.6,13.5,33.4,23,7.8,4.4,24.6,27.6,30,5.1,36.9,75.548559795,5.870762397,68.8,19.8,28.1,42.7,57.3,114,267,54.5,949,81.4,6.8,8,888,748,1741,80,108,545,45.5,792,42.7,744,27.3,46.6,46.1,29.7,24.2,293,57.1,43,126,24.9,73,24.2,71,7.8,23,R,1741,22.8,93.7,2129,-11.5,-15.8,19.4,1.1,27.2,85.9,1888,1.1,-31,6.4,1.1,0.5,88.6,1620,-13.3,-25.7,16.2,1.4,15.8,82.4,2378,1.4,-44.4,5,1.2,11.4,93.4,2106,-15.3,-18.6,20.1,1.3,16.8,88.8,2035,0.1,-26,8.8,1.3,,,,,,,,,,,,,,,51,92,2093,-8.5,-19.8,16,2.8,48.5,84.3,2118,2.3,-36.3,6.5,2.3,0.5,88.6,1620,-13.3,-25.7,16.2,1.4,
Wheeler, Zack,554430,2023,33,18,104.1,443,410,102,67,26,1,8,119,22,26.9,5,.249,.376,.296,0.672,.239,.353,.293,.288,.290,.114,.371,.363,.346,.338,.010,.023,.005,86.8,14.2,35.6,16,5.4,8.8,25.8,23.7,30.5,5.8,37.6,74.81014551,5.462441024,70,20.6,30.3,44.7,55.3,123,275,50.2,908,76.6,7.6,1,1054,522,1808,79,130,630,49.8,900,43.3,783,28,50.1,35.6,34.6,29.8,295,62.8,41.4,122,24.4,72,25.8,76,8.5,25,R,1808,41,95.9,2492,-7,-13.8,17.5,1.1,17,91.1,2560,2.3,-26.3,7.7,1.7,0.1,88.2,1972,-14,-19.3,21.3,,11.8,81.2,2715,9.6,-51.5,14,1.5,17.3,95.3,2290,-16.1,-21.1,18.6,1.4,,,,,,,,,,,,,,,,,,,,,,58.3,95.8,2433,-9.7,-16,17.9,1.3,41.6,86.3,2623,7.5,-36.3,11.1,4.9,0.1,88.2,1972,-14,-19.3,21.3,,
Valdez, Framber,664285,2023,29,17,111.0,443,406,91,63,21,0,7,116,26,26.2,5.9,.224,.328,.275,0.603,.246,.391,.266,.308,.301,.145,.327,.389,.310,.349,-0.022,-0.063,-0.042,91.6,3.5,30.1,24,8.1,5.7,26,13.2,43.9,2.4,44.7,81.736777877,7.22310134,63.6,14,28,55.8,44.2,129,231,50.2,826,73.6,9,176,1075,393,1646,85.8,73,521,49.8,819,40.7,669,26.9,45.8,38.5,38.9,22.6,296,58.7,56.4,167,16.9,50,24.7,73,2,6,L,1644,0.3,94.8,2107,8.5,-18.8,14.8,1.6,,,,,,,,10.7,90.2,1706,15.8,-28.5,17,1.6,23.9,80,2852,-9.2,-58.6,18,1.6,49.2,95.6,2207,15.9,-20.6,18.8,1.3,15.9,84.6,2648,-3.2,-42.3,5.8,1.9,,,,,,,,,,,,,,,65.4,92.9,2313,11.3,-25.8,15.6,5.5,23.9,80,2852,-9.2,-58.6,18,1.6,10.7,90.2,1706,15.8,-28.5,17,1.6,
Burnes, Corbin,669203,2023,28,18,107.1,441,394,83,58,10,1,14,102,39,23.1,8.8,.211,.348,.286,0.634,.232,.364,.281,.299,.307,.132,.316,.344,.280,.312,-0.021,-0.016,-0.018,86.1,11.2,29.4,19,6.4,4.4,24,25.7,34.8,4.7,33.1,74.293885034,4.967988946,65,16.6,30.2,47.5,51.8,132,278,54.5,922,65.1,6.4,217,1070,406,1693,83.4,83,501,45.5,771,43.6,738,27.6,46,42.6,36.1,21.3,296,58.7,41.9,124,26.7,79,25.7,76,5.7,17,R,1693,,,,,,,,7.2,88.1,2802,7.2,-34.5,7.7,2,12.8,89.3,2036,-14.1,-27.1,16.1,1.2,16.8,79.8,2763,10.8,-52.4,14.6,1.4,8.7,95.4,2527,-11,-17.7,16.7,1.3,54.5,94.4,2652,3,-18.8,12.4,1.3,,,,,,,,,,,,,,,63.2,94.5,2635,1,-18.6,13,1.3,24,82.3,2775,9.7,-47,12.5,4.4,12.8,89.3,2036,-14.1,-27.1,16.1,1.2,
Kremer, Dean,665152,2023,27,18,98.0,418,389,109,72,16,1,20,92,25,22,6,.280,.481,.330,0.811,.286,.509,.349,.363,.335,.223,.423,.442,.367,.374,-0.006,-0.028,-0.014,90.7,14.2,41.1,32,10.8,8.1,27.9,25.9,22.9,4.4,45.1,80.135966443,7.077299697,68.8,18.5,23.9,44,56,85,193,49,808,72.7,7.3,220,1196,136,1648,80.6,107,578,51,840,43.5,717,24.9,46.8,33.7,36,30.3,297,62.9,35,104,30.6,91,30.3,90,4,12,R,1648,36.5,94.8,2266,-10.3,-14.3,19.4,1.2,,,,,,,,13.3,85.3,1732,-16.1,-33.8,16.8,1.3,8.3,77.9,2746,11.9,-55.7,16.3,1.4,15.2,92.1,1998,-16.4,-22.7,19.1,1.5,20.9,88.7,2436,4.1,-25.9,9.9,1.4,,,,,,,,,,,,,,,72.6,92.5,2259,-7.5,-19.4,16.6,3.3,14.1,79.9,2709,12.2,-49.8,14.9,2.9,13.3,85.3,1732,-16.1,-33.8,16.8,1.3,
Hill, Rich,448179,2023,43,18,98.0,432,386,102,56,30,3,13,91,39,21.1,9,.264,.459,.336,0.795,.282,.488,.344,.363,.352,.206,.399,.428,.345,.368,-0.018,-0.029,-0.019,88.9,14.5,39.1,33,11.1,6.7,26.3,24.2,27.6,4,40.7,77.765408919,6.162275288,63.2,14.4,24,34.2,63.3,68,199,48.8,828,78,7.8,14,902,636,1696,84.9,79,549,51.2,869,43,729,19.7,44.1,43.4,35.7,20.9,297,56.5,37,110,25.6,76,29,86,8.4,25,L,1678,36.2,88.1,2199,6.7,-17.7,18.9,1.3,0.2,77.7,2421,-11.5,-47.5,11.6,1.7,0.8,81.9,1873,13.4,-32.8,16.1,1.6,37.7,71.7,2603,-16.6,-67,21.3,1.2,2.4,85,2113,14.9,-31.3,17,1.3,15.1,82.9,2305,-3.5,-33.2,7.7,1.4,,,,,,,,,,,,,,,53.8,86.5,2225,4.2,-22.7,15.6,3,45.4,71.2,2585,-17.4,-65.4,21.3,1.9,0.8,81.9,1873,13.4,-32.8,16.1,1.6,
Williams, Trevor,592866,2023,31,18,91.0,401,364,101,61,21,1,18,68,30,17,7.5,.277,.489,.333,0.822,.276,.479,.351,.349,.332,.203,.394,.392,.337,.336,.001,.010,.002,88.3,15.5,37.5,31,10.3,5.3,22.3,27.9,27.2,6.3,39.5,76.708255676,6.198024189,67.7,12,30,31,69,77,248,52.7,827,85.1,6,239,953,336,1569,87.5,60,502,47.3,742,46.9,736,18.3,47.8,36.5,36.2,27.2,301,61.8,40.5,122,26.9,81,25.2,76,7.3,22,R,1569,47.5,90,2206,-7,-22.2,13.6,1.5,15.2,81.7,2168,5.4,-37.6,6.7,1.2,15.2,83.3,1745,-14.3,-36,14.8,1.3,6.2,76.9,2207,8.3,-48.5,8.8,1.1,13.2,88.2,1847,-15.2,-31.6,15.7,1.2,,,,,,,,,,,,,,,,,,,,,,60.7,89.6,2128,-8.8,-24.2,14.1,1.6,24,79.9,2185,7.2,-40.8,8.2,2.8,15.2,83.3,1745,-14.3,-36,14.8,1.3,
Gilbert, Logan,669302,2023,26,18,108.1,428,402,87,54,20,0,13,106,19,24.8,4.4,.216,.363,.254,0.617,.235,.391,.267,.287,.271,.156,.331,.359,.291,.316,-0.019,-0.028,-0.020,89.8,13,34.2,28,9.3,3,25.2,28.2,30.6,3.7,38.5,79.965068523,6.158858687,69.3,18.1,31.7,46.9,52.7,112,239,47.1,754,85.1,8.8,230,664,707,1601,81.9,106,587,52.9,847,40.7,652,26.4,51.6,38.9,38.9,22.3,301,61.2,43.2,130,27.6,83,22.3,67,7,21,R,1601,41.2,95.4,1993,-5.5,-12.6,18.5,1.4,27.8,88.8,1962,0.8,-33.8,2.2,1.4,,,,,,,,16.4,81.1,2303,6.8,-54.3,14.5,1.9,0.2,91.9,1747,-11.9,-17.5,19,1.4,,,,,,,,14.4,85.3,887,-7.1,-33.3,9.1,1.5,,,,,,,,41.5,95.4,1992,-5.6,-12.6,18.5,1.4,44.2,86,2088,3,-41.4,6.7,4.4,14.4,85.3,887,-7.1,-33.3,9.1,1.5,
Gomber, Austin,596295,2023,29,18,90.0,396,360,106,61,24,1,20,61,30,15.4,7.6,.294,.533,.351,0.884,.299,.535,.377,.381,.356,.236,.420,.425,.353,.360,-0.005,-0.002,-0.004,90.8,10.9,34.3,31,10.2,6.9,26.7,20.8,30.7,4,45.5,79.966794189,7.211303142,66.4,14.6,23.4,36.4,63.6,59,162,47.9,691,78.7,9.4,275,658,511,1444,85.2,73,500,52.1,753,44.7,645,19.9,45.8,41.9,37.6,20.5,303,62.1,44.6,135,25.7,78,23.8,72,5.9,18,L,1444,44.3,90.8,2168,7,-15.6,18.8,1.4,17.5,85,2390,-4.9,-32.6,7.3,1.6,19,81.9,1628,9.1,-30,14,1.3,17.9,77.9,2513,-8,-56.2,14,1.7,1.3,90.9,2096,11.8,-15.3,21.6,1.3,,,,,,,,,,,,,,,,,,,,,,45.6,90.8,2166,7.1,-15.6,18.9,1.4,35.4,81.4,2452,-6.4,-44.6,10.7,4.2,19,81.9,1628,9.1,-30,14,1.3,
Berrios, Jose,621244,2023,29,18,108.0,440,403,94,61,19,1,13,101,29,23,6.6,.233,.382,.294,0.676,.257,.440,.296,.329,.316,.183,.348,.396,.310,.342,-0.024,-0.058,-0.033,87.7,9.4,36.2,26,8.6,4.6,26.6,21.1,34.9,3.9,34.5,76.30624298,5.530148444,62,16.3,31.4,42,58,113,269,52.2,856,73.3,6.2,326,822,0,1640,83.7,79,486,47.8,784,42.5,697,25.4,46,36.5,42.1,21.4,304,63.9,47,143,23,70,25,76,4.9,15,R,1640,21,94.1,2218,-9.2,-15.2,18.4,1.2,,,,,,,,19.9,83.4,1427,-14.4,-35.4,15.3,2.6,,,,,,,,29.1,93.5,2113,-16,-19.6,20,1.3,,,,,,,,,,,,,,,,,,,,,,50.1,93.7,2157,-13.1,-17.7,19.3,1.3,30,82.2,2366,15.8,-45.6,16.7,2.3,19.9,83.4,1427,-14.4,-35.4,15.3,2.6,
Giolito, Lucas,608337,2023,28,19,112.1,462,421,94,54,19,4,17,117,34,25.3,7.4,.223,.409,.288,0.697,.240,.426,.302,.318,.304,.186,.367,.391,.307,.332,-0.017,-0.017,-0.016,89.3,19.3,34.3,29,9.5,7.2,23.9,31.7,25.2,2.3,41.8,78.318594314,6.382252557,67.9,19.3,26.9,51.6,48.4,129,250,50.6,929,76.5,7.2,416,833,586,1835,80.5,119,615,49.4,906,41.3,757,28.7,47.1,36.9,36.3,26.8,306,61,34.6,106,29.7,91,23.5,72,12.1,37,R,1835,45.4,93,2157,-5.8,-13.4,19.3,1.3,30.7,84,1955,1.7,-38.2,3,1.6,22.7,80.8,1521,-13.7,-31.1,17.6,1.4,1.3,78.2,2316,6.2,-60.6,16.7,1.6,,,,,,,,,,,,,,,,,,,,,,,,,,,,,45.4,93,2157,-5.8,-13.4,19.3,1.3,31.9,83.8,1970,1.8,-39,3.5,2,22.7,80.8,1521,-13.7,-31.1,17.6,1.4,
Montgomery, Jordan,656756,2023,30,18,103.0,431,399,99,57,30,2,10,96,27,22.3,6.3,.248,.409,.298,0.707,.251,.413,.307,.313,.302,.162,.366,.375,.326,.331,-0.003,-0.004,-0.006,88.3,10.5,35.3,26,8.5,4.6,25.8,21.6,34.6,4.2,36.6,77.038605166,5.936370764,65.1,18.2,29,38.2,60.5,91,238,50.2,822,73.1,7.3,371,899,367,1637,81.4,97,532,49.8,817,43.6,715,24.4,47,38.2,35.9,25.8,306,65.9,46.4,142,22.2,68,25.8,79,5.6,17,L,1637,10.6,93.5,2387,6.3,-15.5,17.1,1.1,,,,,,,,22.7,83.8,1720,9.7,-26.4,15.9,1.1,22.4,80.5,2373,-3.3,-49.1,8,1.2,43.7,93.4,2238,15.5,-20.9,18.8,1.2,0.7,88.8,2413,-1.8,-27.6,7.4,1.4,,,,,,,,,,,,,,,54.9,93.4,2269,13.5,-19.9,18.3,1.3,22.4,80.5,2373,-3.3,-49.1,8,1.2,22.7,83.8,1720,9.7,-26.4,15.9,1.1,
Perez, Martin,527048,2023,32,17,91.2,402,363,104,71,16,1,16,60,32,14.9,8,.287,.468,.343,0.811,.291,.475,.349,.356,.348,.184,.380,.389,.339,.346,-0.004,-0.007,-0.007,89.6,13.4,35.6,23,7.4,5.2,25.2,26.5,30.4,4.9,39.8,79.010153311,6.271519404,67.3,12.3,28.6,28.1,70.6,64,228,54.1,797,83.8,5,438,1012,23,1473,87,56,455,45.9,676,47.9,706,17.6,46.4,37.9,37.2,24.9,309,63.4,41.7,129,25.2,78,26.5,82,6.5,20,L,1473,4.3,91.9,2060,10.9,-16.9,19,1.4,1.5,81.8,2381,-4,-37.9,7.4,2.1,29.7,84.1,1698,14.8,-30.1,17.2,1.2,0.1,80.7,2409,-0.4,-49,6.9,,38.5,91.4,1989,16.1,-22.3,19.3,1.3,25.9,89,2197,2.2,-22.1,12.8,1.4,,,,,,,,,,,,,,,68.7,90.5,2072,10.6,-21.9,16.8,1.9,1.6,81.7,2382,-3.9,-38.4,7.4,2.1,29.7,84.1,1698,14.8,-30.1,17.2,1.2,
Singer, Brady,663903,2023,26,18,94.2,426,381,112,64,34,4,10,77,35,18.1,8.2,.294,.483,.355,0.838,.297,.482,.360,.366,.361,.184,.407,.416,.362,.371,-0.003,.001,-0.006,92,9.9,37.7,27,8.7,9,26.8,18.7,33.5,2.6,52.3,81.662116601,7.843662222,63.4,11,25.5,45.5,53.6,95,209,50.6,821,78,7.8,91,855,663,1623,88.6,56,509,49.4,803,41.6,676,21,44.2,41.9,34.5,23.5,310,59.4,46.8,145,21.6,67,27.7,86,3.9,12,R,1623,,,,,,,,40.9,84.3,2396,3.3,-36.9,4.4,1.6,5.6,87.7,1819,-14.9,-27.5,17.2,1.4,,,,,,,,52.7,92.3,2277,-13.9,-23,16.7,1.2,,,,,,,,,,,,,,,,,,,,,,52.7,92.3,2277,-13.9,-23,16.7,1.2,41.7,84.2,2393,3.5,-37,4.6,1.7,5.6,87.7,1819,-14.9,-27.5,17.2,1.4,
Nelson, Ryne,669194,2023,25,18,93.2,406,369,105,59,28,5,13,65,29,16,7.1,.285,.493,.335,0.828,.267,.462,.353,.344,.323,.195,.394,.382,.341,.326,.018,.031,.009,91.5,15.2,37.1,34,11,6.1,22.6,29.7,26.8,3.5,43.5,81.922633636,7.07355,71.2,15.5,25.8,35,65,64,183,45.7,710,84.2,7.7,214,1072,267,1553,84.2,93,601,54.3,844,42.9,666,20,50.5,40,36.8,23.2,310,61.8,37.4,116,28.7,89,26.1,81,7.7,24,R,1553,54.6,94.5,2202,-4.1,-12.5,18.8,1.6,11.7,81.4,2431,13.8,-41.5,14.2,1.6,13.8,83.5,1668,-13.7,-31,16.1,1.9,5.5,76.4,2480,6.7,-57.9,13,1.6,,,,,,,,14.4,85.7,2327,4.2,-35.8,4.9,1.6,,,,,,,,,,,,,,,69,92.6,2228,-2.4,-17.4,15.9,4.3,17.2,79.8,2446,11.5,-46.7,13.8,2.9,13.8,83.5,1668,-13.7,-31,16.1,1.9,
Greinke, Zack,425844,2023,39,18,92.2,390,370,107,74,13,2,18,64,13,16.4,3.3,.289,.481,.315,0.796,.287,.486,.340,.346,.316,.199,.391,.399,.345,.347,.002,-0.005,-0.006,89.3,11.6,31.3,26,8.4,7.7,24.2,23.5,32.6,3.2,38.4,78.357656078,6.234844281,68.2,11.1,28.8,30.5,69.5,65,213,51.4,739,78,8.2,225,713,499,1437,87.8,53,476,48.6,698,41.9,602,17.1,47.9,35.5,36.1,28.4,310,63.3,44.5,138,25.8,80,23.9,74,5.8,18,R,1437,23.9,89.4,2258,-2.6,-17.7,16.8,1.3,19.3,79.3,2486,12.7,-40.6,13.6,1.6,15.7,86.5,1737,-13.5,-31.4,14.7,1.6,15.4,72.8,2439,11.8,-62.8,16.2,2,17.5,89.7,2223,-14.9,-23.9,18,1.1,8.1,85.6,2441,7.1,-31.5,9.5,1.3,,,,,,,,,,,,,,,49.6,88.9,2275,-5.4,-22.2,16,2,34.7,76.4,2465,12.3,-50.5,14.7,4,15.7,86.5,1737,-13.5,-31.4,14.7,1.6,
Eovaldi, Nathan,543135,2023,33,18,117.2,455,418,89,53,23,5,8,109,31,24,6.8,.213,.349,.271,0.620,.228,.370,.272,.289,.285,.143,.321,.345,.286,.307,-0.015,-0.021,-0.017,88.3,4.6,28.8,22,7.1,9.9,18.3,17.9,42.6,3.8,41.7,76.461135032,6.140289353,69.2,19.8,29.8,40.2,59.4,109,271,52.4,910,81.7,6,476,967,293,1736,79.7,113,572,47.6,826,44.6,774,26.3,48.6,43.3,35.6,21.2,312,61.5,53.2,166,21.2,66,21.2,66,4.5,14,R,1736,37.7,95.5,2177,-12.8,-16.5,18.8,1.4,3.7,84.3,2162,6.8,-37.2,7.3,1.5,,,,,,,,13.1,76.3,1986,9.3,-56.5,13.4,1.4,,,,,,,,18,90.9,2345,0.6,-22.7,10.6,1.5,27.4,88.1,1657,-13.6,-33.6,13.8,1.5,,,,,,,,55.7,94,2231,-8.5,-18.5,16.2,2.8,16.9,78.1,2025,8.7,-52.3,12.1,3.8,27.4,88.1,1657,-13.6,-33.6,13.8,1.5,
Cole, Gerrit,543037,2023,32,19,117.0,476,432,97,64,22,0,11,123,34,25.8,7.1,.225,.352,.290,0.642,.241,.392,.284,.306,.305,.151,.343,.377,.313,.336,-0.016,-0.040,-0.022,89.1,15.4,35.6,26,8.3,6.1,28.8,27.2,25.6,3.5,39.7,78.367453613,6.048337767,67.9,19,30.7,41.8,57.5,123,294,50.9,959,74.5,7.7,146,1107,629,1882,81,119,627,49.1,924,44.1,831,26.3,48.9,30.8,43.9,25.3,312,68.5,38.1,119,27.9,87,26.6,83,7.4,23,R,1882,56.1,96.9,2432,-8.8,-11.8,19.7,1.3,21.8,89.3,2560,4.8,-33,5.7,1.6,7.8,89,1575,-14.4,-24.8,17.7,1.4,11.6,83.2,2785,10.2,-53.1,16.8,1.4,,,,,,,,2.8,93.5,2526,2.5,-20.1,11.6,1.5,,,,,,,,,,,,,,,58.8,96.7,2436,-8.3,-12.2,19.3,1.6,33.4,87.2,2638,6.7,-40,9.6,3.6,7.8,89,1575,-14.4,-24.8,17.7,1.4,
Lyles, Jordan,543475,2023,32,17,96.2,413,378,95,48,26,1,20,69,30,16.7,7.3,.251,.484,.306,0.790,.257,.476,.336,.340,.312,.219,.375,.379,.304,.313,-0.006,.008,-0.004,88.6,19.7,35.3,33,10.6,5.1,19.6,34.6,26,4.2,33.7,78.538074,5.352969387,67.3,12.5,27.3,35,64,75,214,51.1,783,77,8.2,111,805,261,1532,87.1,63,504,48.9,749,42.8,656,19.2,46.9,38.5,36.5,25,312,60.3,32.7,102,33.3,104,22.8,71,11.2,35,R,1532,35.8,91.2,2253,-6.6,-16.1,18.1,1.5,0.1,81.7,2344,4.2,-33.9,8,,7.2,85.8,1620,-13.5,-28.1,16.7,1.6,17,79.1,2473,7.4,-60.1,17.8,1.8,10.9,90.5,2145,-13.3,-21.7,17.9,1.5,5.8,86.4,2462,3.7,-29.5,8,1.5,,,,,,,,,,,,,,,52.5,90.5,2254,-6.9,-18.8,16.9,2.2,40.2,79.8,2538,11.6,-49.6,16.2,1.7,7.2,85.8,1620,-13.5,-28.1,16.7,1.6,
Stroman, Marcus,573186,2023,32,19,112.2,454,409,84,64,14,0,6,98,41,21.6,9,.205,.284,.282,0.566,.253,.357,.258,.305,.325,.104,.276,.346,.269,.332,-0.048,-0.073,-0.047,90,2.4,29.8,11,3.5,5.8,27.6,14.7,46.2,1.6,39.4,79.725198516,6.379799581,66.5,13.4,27.8,43.4,55.8,112,258,54.2,928,72.5,6,131,1103,85,1711,85.4,70,521,45.8,783,44.1,755,23.4,45.5,40.7,36.9,22.4,312,59.7,59,184,14.4,45,24,75,2.6,8,R,1711,7.9,92,2432,-6.6,-16.6,17.2,1.2,5,86.1,2775,4.7,-40.9,6.8,1.4,,,,,,,,,,,,,,,45.5,91.5,2306,-11.1,-29.5,11.7,0.9,11,89.8,2616,1.6,-29.4,5.3,1.2,7.7,86.6,1770,-13.9,-34.8,14.3,1.5,,,,,,,,64.5,91.3,2376,-8.3,-27.9,11.3,1.3,27.9,85.1,2782,11.7,-37.7,12.5,1.4,7.7,86.6,1770,-13.9,-34.8,14.3,1.5,
Elder, Bryce,693821,2023,24,18,106.0,434,393,93,63,20,0,10,80,34,18.4,7.8,.237,.364,.306,0.670,.254,.386,.297,.313,.322,.133,.321,.344,.296,.318,-0.017,-0.022,-0.016,89.8,7.3,28.7,18,5.7,5.1,24.8,20.1,40.8,3.5,41.7,79.299416218,6.335638462,68.9,14.9,29.4,43,57,116,270,54.4,919,77.4,6.8,209,857,622,1688,84.3,79,530,45.6,769,42.4,716,24.4,47.4,49.7,30.3,20.1,314,64.5,55.7,175,17.5,55,21.7,68,5.1,16,R,1688,14,90.6,2115,-4,-17.9,15.9,1.1,36.8,82.4,2386,-0.4,-42.5,3.4,1.3,12.4,84.6,2040,-11.3,-34.1,12.3,1.3,,,,,,,,36.8,89.4,1966,-13.3,-26,15.8,1.2,,,,,,,,,,,,,,,,,,,,,,50.8,89.7,2007,-10.7,-23.7,15.9,1.3,36.8,82.4,2386,-0.4,-42.5,3.4,1.3,12.4,84.6,2040,-11.3,-34.1,12.3,1.3,
Keller, Mitch,656605,2023,27,19,117.0,484,440,97,66,18,2,11,129,34,26.7,7,.220,.345,.285,0.630,.224,.356,.279,.288,.290,.132,.338,.353,.309,.316,-0.004,-0.011,-0.009,86.7,8.6,36,28,8.9,3.5,23.9,22.9,35,5.7,31.5,75.008759936,5.190616837,63.1,17.7,25.5,33.3,66.7,71,213,44.6,835,69.8,9.6,64,1326,191,1873,81.8,116,655,55.4,1038,42.4,794,21.5,46.3,36.3,35.4,28.3,314,63.2,47.8,150,26.4,83,21.3,67,4.5,14,R,1873,24.7,95.5,2381,-8.9,-14.7,17.8,1.6,,,,,,,,3.4,90.9,1668,-16,-29.2,16.7,1.5,10.2,77.9,2589,12.5,-60,19.2,1.5,22.9,94.2,2376,-16,-21.4,18.6,1.3,23.2,90,2457,3.5,-27.6,7.5,1.9,,,,,,,,,,,,,,,70.8,93.3,2404,-7.1,-21.1,14.7,3.1,25.8,80.9,2691,16.8,-48.2,19.5,3.1,3.4,90.9,1668,-16,-29.2,16.7,1.5,
Oviedo, Johan,670912,2023,25,18,100.1,449,397,102,63,25,4,10,87,40,19.4,8.9,.257,.416,.330,0.746,.261,.422,.324,.333,.336,.162,.361,.374,.325,.333,-0.004,-0.006,-0.009,88.8,9.7,34,25,7.9,6.3,24.1,22.9,32.4,6,40.6,77.693651146,6.211222332,70.3,15.9,24.1,53.7,45.8,109,203,50.8,844,74.2,8,68,649,942,1659,83.8,91,574,49.2,816,40.8,677,25.7,46.8,38.1,40,21.9,315,55.7,45.7,144,24.4,77,25.1,79,4.4,14,R,1659,34.4,96.4,2280,-9.7,-19.2,14.2,1.4,39.9,88.5,2507,5.1,-31.5,6.5,1.8,4.1,88.2,1803,-15.5,-27.7,17.4,1.5,16.9,80.9,2421,7.9,-43.4,8.5,1.8,4.8,96.4,2332,-15.3,-20.3,18.1,1.4,,,,,,,,,,,,,,,,,,,,,,39.1,96.4,2286,-10.4,-19.3,14.7,1.4,56.8,86.3,2481,5.9,-35,7.1,4.3,4.1,88.2,1803,-15.5,-27.7,17.4,1.5,
Bassitt, Chris,605135,2023,34,19,109.2,465,416,99,60,20,1,18,102,36,21.9,7.7,.238,.421,.312,0.733,.252,.431,.319,.333,.326,.179,.366,.386,.312,.334,-0.014,-0.010,-0.014,88.4,13.5,36,31,9.8,5.7,20.5,26.2,31.9,5.4,38.5,76.670481731,6.271467564,67.2,16.8,27,33.9,66.1,77,227,48.2,842,77.6,8.9,173,1115,271,1747,82.9,102,608,51.8,905,42,733,21.4,47.8,39.7,32.8,27.4,317,63.4,42,133,27.4,87,23.3,74,7.3,23,R,1747,10.2,92.5,2144,-5.7,-18.4,14.8,1.4,4.5,79.8,2326,8.3,-42.9,9.4,1.8,5.7,84,1936,-16.9,-30.7,18.9,1.5,11,70.5,2245,13.8,-69.9,19.7,1.5,38.5,91.7,2086,-15.7,-23.1,18.5,1.4,15.2,87.3,2200,3,-27.9,8.8,2,4.2,82.4,1525,-14.4,-35.2,15.8,1.7,,,,,,,,63.8,90.8,2123,-9.6,-23.5,15.6,2.7,26.3,73.1,2269,14.6,-58.8,17.4,3.9,9.9,83.3,1761,-15.9,-32.6,17.6,1.8,
Gallen, Zac,668678,2023,27,19,118.1,472,446,101,66,26,0,9,125,23,26.5,4.9,.226,.345,.265,0.610,.245,.398,.267,.298,.284,.153,.338,.384,.313,.341,-0.019,-0.053,-0.031,90.9,13.7,37.5,28,8.7,9.9,23.8,25.4,30.7,1.5,43.7,81.520636149,6.513896854,65.5,16.4,31.4,53.5,46.5,154,288,51.2,917,77.6,6.5,237,1112,443,1792,83.1,94,573,48.8,875,44,788,28.8,48,31.9,43.3,24.8,323,66.7,38.7,125,27.9,90,28.5,92,5,16,R,1792,47.3,93.5,2312,-3.1,-14.1,17.6,1.2,,,,,,,,13.2,86.4,1508,-12.7,-32.1,13.9,1.6,24.7,82.6,2503,4.1,-51.3,12.1,1.3,0.5,92,2351,-10.6,-14,21.8,1.5,14.3,89.2,2389,4.2,-28.7,7.9,1.9,,,,,,,,,,,,,,,62.1,92.5,2330,-1.4,-17.5,15.4,2.5,24.7,82.6,2503,4.1,-51.3,12.1,1.3,13.2,86.4,1508,-12.7,-32.1,13.9,1.6,
Kirby, George,669923,2023,25,17,107.2,427,412,102,71,17,3,11,89,10,20.8,2.3,.248,.383,.268,0.651,.260,.418,.281,.302,.281,.157,.343,.370,.315,.331,-0.012,-0.035,-0.021,89,12.5,28.8,24,7.4,4.6,24.5,24.8,36.2,2.5,40.5,77.750647037,6.244628824,68.8,15.9,31.8,35.2,64.4,76,216,42.9,679,76.5,8.3,79,993,509,1581,83.4,99,621,57.1,902,45.3,716,20.9,52.9,39,30.7,30.4,326,69.6,46.3,151,25.2,82,19.9,65,8.6,28,R,1581,39.2,95.8,2224,-8.5,-14.5,17.6,1.4,18.3,85.5,2375,12.1,-40.1,12.8,1.3,3.2,86.6,1518,-16,-31.3,17,1.4,13.9,81.6,2355,9.4,-54.1,15.9,1.5,23.7,95.5,2228,-15.8,-19.5,19,1.5,,,,,,,,1.8,84.7,833,-11,-34.1,12.3,1.4,,,,,,,,62.8,95.7,2226,-11.3,-16.4,18.1,1.4,32.2,83.8,2366,10.9,-46.1,14.1,2.5,5,85.9,1275,-14.2,-32.3,15.3,1.6,
Nola, Aaron,605400,2023,30,19,119.0,482,447,102,61,18,2,21,120,30,24.9,6.2,.228,.418,.277,0.695,.235,.412,.299,.302,.284,.177,.370,.374,.309,.320,-0.007,.006,-0.003,89.1,14.3,38.1,29,8.8,6.9,22.7,27.8,30.2,3.6,37.2,78.316121515,6.009226322,64.9,18,32.9,40.3,59.7,123,305,50.1,927,66.4,7.1,221,1040,591,1852,81.5,108,600,49.9,925,46.2,855,25.5,48.9,41.1,36.9,22.1,331,64.9,41.1,136,28.1,93,23.3,77,7.6,25,R,1852,27.3,92.4,2289,-12,-16.8,19.6,1.6,,,,,,,,11.9,85.7,1544,-14.7,-31.8,16,1.4,31.9,78.9,2584,12.9,-55.4,17.2,1.4,19.4,91.8,2215,-17.4,-23.1,19.8,1.6,9.4,86,2254,1.4,-30.7,6.6,1.4,,,,,,,,,,,,,,,56.2,91.1,2258,-11.6,-21.3,17.5,3.1,31.9,78.9,2584,12.9,-55.4,17.2,1.4,11.9,85.7,1544,-14.7,-31.8,16,1.4,
Gibson, Kyle,502043,2023,35,19,109.2,462,413,108,71,23,4,10,89,36,19.3,7.8,.262,.409,.322,0.731,.264,.440,.318,.335,.327,.176,.357,.381,.326,.333,-0.002,-0.031,-0.017,89.8,10.8,34.8,28,8.4,9,20.4,23.1,34.5,4.5,43.8,78.661355758,6.772613343,65.7,15.8,26.6,45.7,54.3,113,247,52.8,928,73.5,5.8,323,982,145,1759,84.1,86,546,47.2,831,40.8,718,25.1,45.1,41.4,36.9,21.6,333,61,46.2,154,25.8,86,23.1,77,4.8,16,R,1758,13.7,92.2,2277,-5.6,-15.6,17.7,1.2,,,,,,,,18.4,85.3,1696,-14,-33.6,14.8,1.5,8.2,79.5,2446,6.7,-50.2,9.8,1.4,25,91.9,2132,-14.3,-23.9,16.7,1.4,17.2,89.8,2366,1.2,-23.3,10.9,1.4,,,,,,,,,,,,,,,55.9,91.3,2239,-7.4,-21.7,15.2,1.8,25.8,80.8,2435,10.3,-42.8,11.7,1.7,18.4,85.3,1696,-14,-33.6,14.8,1.5,
Alcantara, Sandy,645261,2023,27,18,114.1,478,433,110,75,23,1,11,94,33,19.7,6.9,.254,.388,.309,0.697,.270,.407,.305,.324,.328,.137,.346,.373,.320,.345,-0.016,-0.019,-0.019,89.3,8.6,33.5,22,6.4,6.4,27.2,19.7,36.7,3.8,40.5,78.272162398,6.390491813,72.4,19.6,34.1,38.9,60,109,280,48.5,822,79.5,6.9,465,863,367,1695,79.9,124,632,51.5,873,44.5,754,25.5,53.8,37.9,38.7,23.4,346,64.9,50,173,20.2,70,25.4,88,4.3,15,R,1695,22.3,97.8,2249,-11.5,-15.2,17.9,1.2,21.7,89.4,2382,0.9,-31.1,4.6,2.3,27.4,91.1,1979,-16,-29.1,16.6,1.3,,,,,,,,28.6,97.4,2329,-17.3,-21.3,19,1.2,,,,,,,,,,,,,,,,,,,,,,50.9,97.6,2294,-14.8,-18.6,18.5,1.2,21.7,89.4,2382,0.9,-31.1,4.6,2.3,27.4,91.1,1979,-16,-29.1,16.6,1.3,
Freeland, Kyle,607536,2023,30,19,103.0,443,403,115,77,18,3,17,63,34,14.2,7.7,.285,.471,.338,0.809,.284,.488,.348,.357,.339,.204,.377,.388,.334,.335,.001,-0.017,-0.009,89.8,14.5,35.3,28,8.1,7.2,25.1,27.7,26.3,5.2,41.9,79.217707824,6.547273294,70.6,9.2,27.2,35.8,63.7,77,215,49.3,789,80.2,7.9,203,773,626,1602,90.2,53,574,50.7,813,46.1,739,16.5,49.3,42.8,37.6,19.7,346,61.6,40.5,140,30.3,105,24,83,5.2,18,L,1602,17.7,88.3,2345,6.4,-20.4,16,1.7,22.2,83.5,2292,-1.2,-34.1,5.3,2.2,12.7,83.7,1629,11.1,-30.3,14.2,1.8,16.9,79.9,2364,-2.5,-47.7,6.1,1.8,30.5,88.2,2304,13.6,-28,15.5,1.6,,,,,,,,,,,,,,,,,,,,,,48.3,88.2,2319,10.9,-25.2,15.6,1.6,39.1,81.9,2323,-1.8,-40,5.7,2.8,12.7,83.7,1629,11.1,-30.3,14.2,1.8,
Webb, Logan,657277,2023,26,19,126.0,502,474,117,84,18,2,13,127,23,25.3,4.6,.247,.376,.286,0.662,.243,.396,.289,.296,.283,.153,.364,.374,.337,.332,.004,-0.020,-0.007,90.7,2.7,27.9,28,8,2.6,26.4,13.8,44.3,4.6,46.8,79.470914186,7.355259506,61.4,11.6,32.1,43.5,56.5,131,301,50.6,939,76.4,6.8,684,771,400,1855,88.3,65,562,49.4,916,45.7,847,22.7,46.5,39.7,39.9,20.4,348,65.7,60.9,212,17.2,60,19.3,67,2.6,9,R,1855,3.5,92.8,2004,-10.3,-21.5,14.6,1.2,21.6,84.2,2556,11.8,-38.1,12.2,1.3,36.9,87.4,1512,-11.2,-40.5,12.5,1.2,,,,,,,,38.1,92.3,1889,-16.2,-31.6,16.4,1.1,,,,,,,,,,,,,,,,,,,,,,41.6,92.4,1899,-15.7,-30.7,16.2,1.1,21.6,84.2,2556,11.8,-38.1,12.2,1.3,36.9,87.4,1512,-11.2,-40.5,12.5,1.2,
Bieber, Shane,669456,2023,28,19,117.0,489,447,113,72,26,1,14,95,33,19.4,6.7,.253,.409,.306,0.715,.284,.447,.311,.340,.335,.164,.354,.395,.317,.357,-0.031,-0.038,-0.029,91.4,9.7,35.4,29,8.1,4.8,27,21.9,34.8,3.4,46.3,81.357651292,7.241208394,64.7,11.7,28.6,50.9,49.1,136,267,52,932,78.5,6,61,1104,626,1791,87.2,65,556,48,859,42.1,754,24.4,46,34.8,40.2,25,356,67.3,46.6,166,22.2,79,26.7,95,4.5,16,R,1791,34.2,91.4,2236,-9.7,-15.8,19.6,0.9,21.6,84.6,2534,3.2,-37.6,4.3,1,3.4,87.2,1635,-13.8,-28.4,16.2,1,13.4,82.6,2235,11.4,-50.1,15.2,1.1,,,,,,,,27.5,86.5,2470,2.5,-29.1,7.8,1,,,,,,,,,,,,,,,61.6,89.2,2340,-4.3,-21.7,14.3,2.9,35,83.9,2420,6.3,-42.4,8.5,1.5,3.4,87.2,1635,-13.8,-28.4,16.2,1,
Mikolas, Miles,571945,2023,34,19,112.2,483,446,123,86,25,2,10,78,24,16.1,5,.276,.408,.317,0.725,.292,.464,.315,.345,.335,.172,.349,.389,.329,.351,-0.016,-0.056,-0.030,90.1,14,42,28,7.5,9.4,27.8,24.9,27.8,2.7,40.9,79.777968877,6.44291115,66.4,12.8,27.7,25.4,74.1,59,232,46.3,839,79.6,8.7,98,926,787,1811,86.7,83,646,53.7,973,45,815,16.2,48.5,34.5,39.8,25.7,374,67.5,37.4,140,26.5,99,30.7,115,5.3,20,R,1811,23.2,93.2,2286,-5.8,-15.9,16.7,1.4,23.1,86.5,2349,3.8,-33,5.9,1.8,5.4,85.4,1662,-14.9,-29.6,17.3,3,20.3,75.8,2498,8.2,-63.2,17.3,1.5,27.9,92.6,2207,-14.2,-20.5,18.4,1.4,,,,,,,,,,,,,,,,,,,,,,51.1,92.9,2243,-10.4,-18.4,17.6,1.4,43.5,81.5,2419,5.9,-47.1,11.2,6.1,5.4,85.4,1662,-14.9,-29.6,17.3,3,
Corbin, Patrick,571578,2023,33,19,108.2,488,448,135,99,19,0,17,74,33,15.2,6.8,.301,.458,.349,0.807,.317,.514,.349,.379,.365,.197,.385,.424,.357,.378,-0.016,-0.056,-0.030,91.1,10.7,38,32,8.4,7.7,27.2,19.8,33,3.4,44.9,80.810860806,7.158907439,64.8,11.3,27.5,39.5,60.1,94,238,49.3,866,73.8,8,130,1037,588,1755,88,65,576,50.7,889,44.2,775,19.5,46.4,39.3,35.1,25.6,379,68.6,45.9,174,22.7,86,27.2,103,4.2,16,L,1755,15.7,91.8,2092,8.5,-18.7,16.3,1.2,33.5,79.8,2136,-2.8,-43.1,3.4,2.5,7.4,81,1574,12.5,-32.8,15.6,1.9,,,,,,,,43.4,92.1,2034,14.5,-22,17.9,1.2,,,,,,,,,,,,,,,,,,,,,,59.1,92,2049,12.9,-21.1,17.5,1.2,33.5,79.8,2136,-2.8,-43.1,3.4,2.5,7.4,81,1574,12.5,-32.8,15.6,1.9,
Cabrera, Edward,665795,2023,25,14,67.0,291,246,53,30,14,0,9,84,41,28.9,14.1,.215,.382,.333,0.715,.209,.369,.319,.314,.328,.160,.382,.373,.325,.316,.006,.013,.005,88.9,7.7,27.6,15,9.2,4.3,20.2,20.2,41.1,4.3,41.1,77.747351975,6.32942677,61.7,18,31,52.9,47.1,118,223,59.3,719,60.8,4.2,373,440,400,1213,81.6,55,305,40.7,494,43.7,530,32.8,43.5,50.3,34.4,15.3,163,52.2,54,88,23.3,38,18.4,30,4.3,7,R,1213,26.9,96.1,2293,-9,-13.6,18.5,1.2,9.6,87.9,2456,3.1,-34,4.3,1.7,30.8,92.7,1711,-16.5,-23.9,18.5,1.4,23.4,83.9,2593,10.9,-47,13.9,1.4,9.4,95.8,2238,-15,-19.3,18.5,1.3,,,,,,,,,,,,,,,,,,,,,,36.3,96,2279,-10.6,-15,18.5,1.2,33,85.1,2553,8.7,-43.2,11.1,2.5,30.8,92.7,1711,-16.5,-23.9,18.5,1.4,
Pivetta, Nick,601713,2023,30,22,69.0,299,262,58,29,16,1,12,81,31,27.1,10.4,.221,.427,.312,0.739,.243,.456,.321,.341,.331,.213,.393,.426,.319,.350,-0.022,-0.029,-0.020,91.9,14.1,45.6,24,13.2,7.1,24.2,28.6,24.2,2.7,46.2,83.199651978,7.021333536,66,20.5,29.3,40.8,59.2,75,184,50.2,627,73.3,8.1,11,633,578,1248,79.5,84,410,49.8,621,41,512,26.8,47.6,39.6,35.7,24.7,182,59.1,32.4,59,36.8,67,29.1,53,1.6,3,R,1248,50.7,94.3,2310,-4.1,-10.9,20.6,1.4,17.9,87.1,2380,5.9,-32.7,7.3,1.8,,,,,,,,28.4,79,2759,8,-61.9,19.2,1.8,,,,,,,,,,,,,,,0.9,84.8,1268,-4.7,-31.2,8.8,1.5,,,,,,,,50.7,94.3,2310,-4.1,-10.9,20.6,1.4,48.4,82.2,2603,7.5,-49.8,14.6,4.6,0.9,84.8,1268,-4.7,-31.2,8.8,1.5,
Greene, Hunter,668881,2023,23,14,73.1,318,282,68,36,21,2,9,100,31,31.4,9.7,.241,.426,.324,0.750,.211,.378,.327,.299,.298,.166,.434,.388,.372,.328,.030,.048,.028,91,19,33.3,17,9.3,9.3,23.5,31.1,23,2.2,45.6,80.800802921,7.04771764,71,23.6,30.1,48.1,51,100,208,52,692,84.5,7.3,72,743,517,1349,76.2,107,454,48,639,44.3,589,31.4,49.9,35.5,37.2,27.3,183,63.8,33.3,61,35.5,65,24,44,7.1,13,R,1331,55.7,98.6,2347,-12.1,-12.7,19.9,1.4,38.8,88.2,2337,3.3,-31.4,5.6,1.7,5.4,91.6,1986,-12.7,-23.5,16,1.3,,,,,,,,,,,,,,,,,,,,,,,,,,,,,,,,,,,,55.7,98.6,2347,-12.1,-12.7,19.9,1.4,38.8,88.2,2337,3.3,-31.4,5.6,1.7,5.4,91.6,1986,-12.7,-23.5,16,1.3,
Rodriguez, Eduardo,593958,2023,30,12,71.2,281,261,56,39,9,0,8,74,16,26.3,5.7,.215,.341,.257,0.598,.235,.371,.261,.283,.277,.136,.326,.359,.295,.324,-0.020,-0.030,-0.022,86.8,13.5,34,12,6.3,4.7,25.7,24.6,28.8,8.9,31.4,75.119808043,5.307737869,66.1,18.5,29.9,37.2,62.2,64,172,50.5,575,84.1,6.1,216,854,69,1139,81.2,69,373,49.5,564,45.9,523,24.4,47.8,35.6,31.9,32.5,191,65.8,44.5,85,25.1,48,23.6,45,6.8,13,L,1139,41.9,92.2,2196,6.4,-17,16.6,1.5,6.1,84.9,2145,-1.8,-35.4,4.8,1.3,19,86.2,1909,17.2,-31.4,18.2,1.4,,,,,,,,10.2,92.3,2181,14.1,-21.2,18,1.4,22.9,88.6,2194,-1.3,-24.7,10.3,1.7,,,,,,,,,,,,,,,75,91.1,2193,5.1,-19.9,14.9,2.4,6.1,84.9,2145,-1.8,-35.4,4.8,1.3,19,86.2,1909,17.2,-31.4,18.2,1.4,
Houck, Tanner,656557,2023,27,13,67.2,285,255,62,43,10,0,9,64,23,22.5,8.1,.243,.388,.306,0.694,.242,.387,.304,.307,.308,.144,.352,.358,.318,.320,.001,.001,-0.003,90.4,7.8,32.7,13,6.6,4.1,24.5,22.4,38.3,4.1,43.9,80.16229398,6.774762718,63.3,18.3,29.7,52.8,47.2,84,159,50.4,536,64.2,6.3,125,568,370,1064,81.7,61,334,49.6,528,43.6,464,29.4,46.3,46.4,38.8,14.8,196,58.2,50,98,20.4,40,24.5,48,5.1,10,R,1063,11.6,93.8,2220,-9,-22.2,13,1.2,34.8,83.8,2607,11.6,-40.8,11.9,1.1,,,,,,,,,,,,,,,26,93.4,2126,-15.6,-32.7,15.8,1.3,15.9,91.7,2386,-4,-24.5,9.1,1.4,11.8,87.7,1713,-14,-35.5,14.4,1.2,,,,,,,,53.4,93,2225,-10.7,-28,13.2,1.6,34.8,83.8,2607,11.6,-40.8,11.9,1.1,11.8,87.7,1713,-14,-35.5,14.4,1.2,
Bibee, Tanner,676440,2023,24,13,70.0,299,267,63,45,12,0,6,71,27,23.7,9,.236,.348,.311,0.659,.226,.357,.294,.294,.303,.131,.338,.338,.318,.306,.010,-0.009,.000,89.6,15.5,35.9,13,6.6,6.6,22.7,30.8,29.8,3.5,38.9,79.146390909,6.261030914,66.3,19.8,23.6,37.5,62.5,54,144,50.6,609,74.7,7.9,185,603,415,1203,79.9,78,394,49.4,594,44.4,534,24.5,44.7,34.8,37.9,27.3,198,58.2,38.4,76,26.3,52,26.3,52,9.1,18,R,1203,50.1,95.1,2320,-4.7,-13.5,17.5,1.4,26.6,84.2,2807,10.8,-40.9,11.5,1.8,15.4,84,2063,-12.9,-24.8,19.2,1.3,7.9,77.8,2720,10,-58.1,16.3,1.8,,,,,,,,,,,,,,,,,,,,,,,,,,,,,50.1,95.1,2320,-4.7,-13.5,17.5,1.4,34.5,82.8,2787,10.7,-44.8,12.6,3.4,15.4,84,2063,-12.9,-24.8,19.2,1.3,
Gonsolin, Tony,664062,2023,29,13,67.2,285,250,50,33,9,0,8,54,26,18.9,9.1,.200,.332,.290,0.622,.251,.421,.278,.332,.335,.170,.287,.364,.254,.319,-0.051,-0.089,-0.054,88.5,15.4,33.2,15,7.5,4.5,24.6,29.6,29.1,4.5,35.2,78.018714184,5.602652653,70.5,12.3,32.2,36.1,63.9,66,183,54,569,84.3,6.6,294,391,368,1053,87.4,42,341,46,484,42.4,446,20.6,49.8,34.2,45.7,20.1,199,67,40.2,80,26.6,53,23.1,46,10.1,20,R,1053,37.1,92.3,2217,-10.8,-16.2,19.4,1.5,18.4,86.7,2463,2.8,-30,7.4,1.4,,,,,,,,16.5,81.1,2576,3.9,-52.3,11.6,1.6,,,,,,,,,,,,,,,27.9,82.9,1471,-13.5,-38.5,13.9,1.4,,,,,,,,37.1,92.3,2217,-10.8,-16.2,19.4,1.5,34.9,84,2516,3.3,-40.5,9.4,3.3,27.9,82.9,1471,-13.5,-38.5,13.9,1.4,
Manoah, Alek,666201,2023,25,14,64.0,305,258,73,51,9,2,11,56,42,18.4,13.8,.283,.461,.393,0.854,.276,.475,.376,.379,.388,.198,.405,.409,.361,.353,.007,-0.014,-0.003,89.3,16.6,33.7,17,8.4,10.9,26.7,22.8,26.2,5,43.1,77.8102648,6.6731703,66.2,14.7,26.6,34.8,64.6,62,178,53.8,669,70.7,7.4,165,714,363,1242,85.3,56,380,46.2,574,42,522,21.1,44.9,36.6,39.6,23.8,202,57.7,38.6,78,28.2,57,24.8,50,8.4,17,R,1242,27.8,92.8,2350,-6.5,-15.3,18,1.4,29.2,80.8,2166,12.7,-41.3,13.2,1.4,13.3,86.1,2059,-17,-28.6,19.3,1.3,,,,,,,,29.7,92.7,2236,-15.4,-21,19.1,1.3,,,,,,,,,,,,,,,,,,,,,,57.5,92.8,2290,-11.1,-18.2,18.6,1.3,29.2,80.8,2166,12.7,-41.3,13.2,1.4,13.3,86.1,2059,-17,-28.6,19.3,1.3,
Boyd, Matthew,571510,2023,32,15,71.0,303,276,69,43,15,0,11,73,25,24.1,8.3,.250,.424,.317,0.741,.244,.412,.323,.317,.311,.168,.389,.379,.340,.332,.006,.012,.006,89.3,17.6,32.5,17,8.4,6.9,24.6,28.6,27.1,4.4,36,79.392958713,5.784884876,68.8,22.2,32.1,47.7,51.3,94,197,52.1,614,80.3,6,220,537,421,1178,77.8,86,388,47.9,564,47.4,558,30.8,49.7,39.9,39.4,20.7,203,64.4,38.9,79,31,63,22.2,45,7.9,16,L,1178,38.6,91.4,2503,11,-17.8,18.7,1.4,28.4,79.6,2438,-5,-44.7,5.8,1.7,18.7,80.2,1890,13.8,-37.6,15.2,1.4,7.4,73.8,2572,-17.2,-60.6,19.8,1.5,7,90.8,2436,16.5,-25.8,18.3,1.6,,,,,,,,,,,,,,,,,,,,,,45.6,91.3,2493,11.9,-19,18.6,1.5,35.7,78.4,2466,-7.5,-48,8.7,3.1,18.7,80.2,1890,13.8,-37.6,15.2,1.4,
Verlander, Justin,434378,2023,40,12,70.0,290,268,65,41,16,0,8,57,19,19.7,6.6,.243,.392,.293,0.685,.235,.375,.298,.293,.289,.140,.340,.334,.305,.300,.008,.017,.005,90.7,15.7,29.1,14,6.6,6.6,21.6,30.5,31.5,2.8,44.1,81.023724811,6.702412133,68.2,15,29.4,38,62,68,179,52.6,609,84.4,6.7,44,561,551,1156,85,56,374,47.4,548,44.8,518,22.4,47.8,42.7,33.3,23.9,213,52.8,41.3,88,24.9,53,23.9,51,9.9,21,R,1156,48.5,94.4,2425,-8.1,-12.5,20.2,1.2,30,87.1,2513,4.3,-32.3,6.4,1.4,3.8,85.1,1822,-15.7,-29.8,17.9,1.3,17.6,78.8,2731,6.9,-56.9,14.5,1.5,,,,,,,,,,,,,,,,,,,,,,,,,,,,,48.5,94.4,2425,-8.1,-12.5,20.2,1.2,47.7,84,2594,5.2,-41.4,9.4,4.6,3.8,85.1,1822,-15.7,-29.8,17.9,1.3,
Canning, Griffin,656288,2023,27,14,74.0,310,282,67,42,7,3,15,71,22,22.9,7.1,.238,.443,.301,0.744,.243,.437,.321,.322,.306,.194,.382,.384,.316,.323,-0.005,.006,-0.001,91.4,10.8,32.9,20,9.4,5.6,21.1,25.4,35.7,2.3,46.5,81.687696,7.037689095,65.8,16.6,30.2,53.6,46.4,97,181,48.3,599,73.4,8.8,271,415,552,1238,83.1,70,421,51.7,640,38.6,478,27.7,48.6,39.9,35.2,24.9,213,61.3,46.9,100,30,64,17.4,37,5.6,12,R,1238,32.8,94.6,2112,-7.6,-15.3,17.2,1,32,88.4,2717,-0.3,-38.2,4.3,1.2,21.9,90.3,1787,-16.4,-28.7,17.3,1,12.6,82.2,2382,10.7,-47.8,13.1,1.2,0.7,94.9,2048,-14.4,-17.1,19.8,1.4,,,,,,,,,,,,,,,,,,,,,,33.5,94.6,2110,-7.8,-15.3,17.3,1,44.6,86.7,2623,2.8,-40.9,6.8,3.3,21.9,90.3,1787,-16.4,-28.7,17.3,1,
Contreras, Roansy,672710,2023,23,19,68.1,302,266,75,48,16,0,11,55,32,18.2,10.6,.282,.466,.360,0.826,.276,.447,.358,.353,.357,.171,.399,.393,.354,.350,.006,.019,.005,90.5,15.5,37.9,18,8.4,6.5,27.1,29.4,25.2,3.3,44.9,79.771273396,6.964421934,67.4,16.4,29,47.2,52.8,83,176,53.2,607,88,6.6,44,459,638,1141,83.6,59,360,46.8,534,42.6,486,26.5,47,42.5,34.6,22.9,214,61.6,39.3,84,29.4,63,24.8,53,6.5,14,R,1141,40.2,94.3,2353,-5.1,-14.2,17.4,1.1,44.3,83.6,2552,5.8,-39.5,6.7,1.4,3.9,89.4,2040,-15.7,-24,18.8,1.6,11.7,76.8,2628,10.1,-60.2,16.9,1.4,,,,,,,,,,,,,,,,,,,,,,,,,,,,,40.2,94.3,2353,-5.1,-14.2,17.4,1.1,55.9,82.2,2568,6.7,-43.8,8.8,3.4,3.9,89.4,2040,-15.7,-24,18.8,1.6,
Kopech, Michael,656629,2023,27,16,86.0,373,313,68,36,13,2,17,97,49,26,13.1,.217,.435,.335,0.770,.231,.445,.337,.352,.349,.215,.391,.417,.311,.335,-0.014,-0.010,-0.015,90,18.9,32.4,31,14.2,6.4,20.5,30.1,24.7,4.1,41.1,79.377086147,6.778864562,63.3,20.6,26.6,44.5,55.5,98,220,53.7,828,73.8,6.9,105,962,473,1540,79.4,93,451,46.3,713,39.9,615,28.5,43.6,37.4,36.1,26.5,219,56,35.2,77,34.7,76,19.6,43,10.5,23,R,1540,62.5,95.6,2515,-9.6,-12.3,20.3,1.5,25.8,85.3,2333,4.7,-37.5,5.5,2.3,6.8,89.2,1779,-15.3,-26.7,17.3,1.9,4.9,80.9,2407,5.9,-49.7,9.9,1.9,,,,,,,,,,,,,,,,,,,,,,,,,,,,,62.5,95.6,2515,-9.6,-12.3,20.3,1.5,30.7,84.6,2345,4.9,-39.5,6.2,2.9,6.8,89.2,1779,-15.3,-26.7,17.3,1.9,
Matz, Steven,571927,2023,32,19,71.2,317,287,83,58,17,0,8,69,25,21.8,7.9,.289,.432,.351,0.783,.270,.403,.343,.326,.335,.134,.405,.381,.379,.355,.019,.029,.017,89.8,8.1,32.7,12,5.5,6.8,30,19.5,35.9,2.3,39.5,79.680230455,6.154445662,67.3,18.9,26.2,45.7,53.7,75,164,48.3,625,71.8,8.5,344,717,233,1294,80.9,85,450,51.7,669,44.7,579,26.1,47.4,34.5,36.4,29.1,220,59.3,48.6,107,21.8,48,26.8,59,2.7,6,L,1294,,,,,,,,1.8,88.4,2145,1.7,-28.1,7.3,1.4,26.6,84.1,2296,14,-38,14.2,1.4,16.2,78.7,2282,-14,-49.7,15.2,1.4,55.4,93.9,2230,15,-19.6,19,1.1,,,,,,,,,,,,,,,,,,,,,,55.4,93.9,2230,15,-19.6,19,1.1,18,79.6,2268,-12.4,-47.5,14.4,3.3,26.6,84.1,2296,14,-38,14.2,1.4,
Detmers, Reid,672282,2023,23,16,85.2,366,327,78,52,15,0,11,107,32,29.2,8.7,.239,.385,.317,0.702,.247,.389,.309,.317,.327,.142,.394,.406,.353,.370,-0.008,-0.004,-0.008,90.5,18.3,38,14,6.3,8.6,32.6,29.4,20.8,2.3,41.6,80.873805909,6.513083562,69.4,21.5,28.3,50.5,49.5,104,206,49,728,77.4,7.7,35,626,811,1485,78.5,113,525,51,757,42.9,637,29.7,49.2,38.5,34.4,27.1,221,60.7,33.5,74,29.9,66,30.8,68,5.9,13,L,1485,42.2,94.8,2105,11.1,-14.7,19.5,1.1,36.4,89.6,2058,-1,-30.9,4.9,1.9,2.4,85.8,1507,14.9,-29.2,17.1,1.3,18.2,75.6,2469,-11.9,-63.1,18.9,1.5,,,,,,,,,,,,,,,,,,,,,,,,,,,,,42.2,94.8,2105,11.1,-14.7,19.5,1.1,55.5,84.9,2199,-4.7,-41.7,9.6,7.4,2.4,85.8,1507,14.9,-29.2,17.1,1.3,
Senga, Kodai,673540,2023,30,16,89.2,383,333,68,44,14,0,10,113,47,29.5,12.3,.204,.336,.305,0.641,.216,.348,.289,.300,.317,.132,.347,.366,.308,.327,-0.012,-0.012,-0.011,88,13.3,30.3,14,6.3,6.8,26.7,21.7,34.4,4.1,39.4,76.145775818,6.036703379,64.4,18,26.8,52.9,45.8,120,227,55.1,846,77.6,5.5,350,962,89,1533,81.5,80,444,44.9,689,40.2,617,29.8,43.8,38,34.8,27.1,221,59.3,45.2,100,23.1,51,21.3,47,10.4,23,R,1183,51.5,95.9,2254,-8.3,-13.4,18.6,1.6,5.2,84.6,2465,2.2,-37.4,4.2,2.1,,,,,,,,2.4,72.3,2487,3.8,-66.1,14.1,2.2,,,,,,,,29.8,90.5,2504,1.1,-23.9,9.8,2,,,,,,,,,,,,,,,81.3,93.9,2345,-4.8,-17.2,15.4,3.4,18.7,81.3,2550,8.9,-45.1,11.2,4.4,,,,,,,,
Ober, Bailey,641927,2023,27,14,82.2,321,299,62,38,15,1,8,79,18,24.6,5.6,.207,.344,.259,0.603,.229,.406,.264,.297,.279,.177,.317,.365,.281,.310,-0.022,-0.062,-0.033,88.3,20.4,35.3,20,9,6.8,19.9,38,23.1,3.2,33.9,77.760309364,5.490081318,72.4,20.7,34.2,38.7,61.3,86,222,51.7,650,78.9,6,322,558,378,1258,79.3,91,440,48.3,608,47.1,592,26.7,52.6,43.4,34.4,22.2,221,65.4,32.6,72,38,84,21.3,47,8.1,18,R,1258,44.4,91.3,2314,-7.4,-16,18.4,1.1,21.4,81.3,2115,11.2,-38.9,12.3,1.5,25.6,83.6,2068,-17.5,-33.6,18.5,1.3,8.7,77.8,2191,8.7,-54.5,13,1.5,,,,,,,,,,,,,,,,,,,,,,,,,,,,,44.4,91.3,2314,-7.4,-16,18.4,1.1,30,80.3,2137,10.5,-43.4,12.5,2.3,25.6,83.6,2068,-17.5,-33.6,18.5,1.3,
Ohtani, Shohei,660271,2023,28,17,100.1,407,354,67,41,12,0,14,132,43,32.4,10.6,.189,.342,.293,0.635,.207,.372,.286,.305,.309,.165,.358,.393,.302,.330,-0.018,-0.030,-0.019,86.5,11.3,34.7,23,10.4,5,21.2,24.3,33.3,5.4,35.6,73.94377018,5.600559457,64.8,22.5,25.8,55.2,44.8,111,201,48,778,76.6,9.5,108,891,47,1620,76.9,123,546,52,842,39,631,31.3,46.1,43.2,30.2,26.6,222,59.2,44.6,99,24.3,54,22.5,50,8.6,19,R,1620,30.7,97,2268,-4,-14.9,15,2.1,0.1,83.7,2578,7,-46.5,10.4,,,,,,,,,2.8,75.3,2460,12.6,-63.8,19.3,2.9,7.4,94.6,2023,-14.8,-24.9,16.2,2.1,16.9,88.8,2377,4.2,-30.3,7.3,3.2,6.7,88.8,1321,-7.8,-31.5,9.3,2.3,,,,,,,,55,94.1,2268,-3,-21,12.8,4.8,38.3,83,2509,16.4,-38.4,17.5,3.5,6.7,88.8,1321,-7.8,-31.5,9.3,2.3,
Strider, Spencer,675911,2023,24,18,104.2,427,388,80,51,15,1,13,166,34,38.9,8,.206,.351,.279,0.630,.201,.351,.278,.276,.275,.150,.413,.413,.360,.354,.005,.000,.002,89.1,18.9,40.5,21,9.5,9,23.9,31.5,22.1,1.8,37.3,78.386956944,6.077768657,70.1,28.8,34.9,64.3,35.7,191,297,47.7,851,79.9,7.8,137,1054,592,1796,71.1,188,653,52.3,932,43.8,781,39.8,53.3,33.3,32.9,33.8,222,67.9,34.2,76,34.7,77,24.8,55,6.3,14,R,1783,59.1,97.1,2377,-5.6,-10.2,19.8,1.2,33.2,85.6,2367,5.5,-35.8,6.3,1.7,7.7,87.1,2256,-14.7,-23.6,19.3,1.5,,,,,,,,,,,,,,,,,,,,,,,,,,,,,,,,,,,,59.1,97.1,2377,-5.6,-10.2,19.8,1.2,33.2,85.6,2367,5.5,-35.8,6.3,1.7,7.7,87.1,2256,-14.7,-23.6,19.3,1.5,
Musgrove, Joe,605397,2023,30,14,79.1,327,298,74,51,15,0,8,79,17,24.2,5.2,.248,.379,.303,0.682,.225,.340,.298,.275,.282,.116,.359,.326,.332,.301,.023,.039,.023,86.7,11.7,33.2,11,4.9,6.3,22.9,25.6,35.9,4.5,30.5,76.05751973,4.714961441,64,16.9,37.4,41.8,57.4,102,244,52.4,652,70.6,6.8,150,637,457,1244,82.8,64,379,47.6,592,45.7,569,26.6,50.1,42.2,36.8,21.1,223,64.8,44.8,100,24.2,54,24.7,55,6.3,14,R,1244,26.8,93.1,2583,-3.8,-18.6,13.7,1.1,13.9,82.4,2784,11.5,-45.7,12.8,1.3,12.1,87.2,2110,-13.3,-31.9,14.2,1.2,22.8,81.4,2751,11,-56.3,18.2,1.1,4.7,92.9,2444,-11.5,-24.8,13.6,1.2,19.6,90.1,2623,2.5,-25.6,8.7,1.3,,,,,,,,,,,,,,,51.2,91.9,2586,-2.1,-21.8,11.8,2,36.7,81.8,2763,11.2,-52.3,16.2,1.3,12.1,87.2,2110,-13.3,-31.9,14.2,1.2,
Taillon, Jameson,592791,2023,31,15,71.2,311,284,78,47,17,1,13,63,22,20.3,7.1,.275,.479,.331,0.810,.274,.495,.348,.355,.331,.221,.407,.417,.350,.350,.001,-0.016,-0.007,88.4,18.5,40.8,26,11.7,5.8,24.2,28.3,26.5,3.6,39,76.766881261,6.234028063,67.9,16.1,28.6,30.5,69.5,53,174,50.9,608,86.8,6.4,45,797,182,1194,83.7,64,398,49.1,586,45.1,538,20.5,47.9,37.2,40.8,22,223,69.1,35.9,80,30,67,25.1,56,9,20,R,1194,33.6,93.8,2335,-6.9,-14,18.6,0.9,0.8,82.2,2763,7.9,-30.2,12.8,1.5,3.8,86.7,1861,-14.7,-26.2,17.9,1.4,14.4,80.6,2725,10.7,-52.5,15,1.3,12.1,94.2,2292,-13.8,-16.4,20.1,0.9,21,89.7,2575,3.9,-22,12.7,1.6,,,,,,,,,,,,,,,66.8,92.6,2403,-4.8,-16.9,17,2.5,29.5,80.7,2729,12.6,-45.9,15.1,1.4,3.8,86.7,1861,-14.7,-26.2,17.9,1.4,
Snell, Blake,605483,2023,30,18,98.0,408,355,71,45,15,0,11,132,49,32.4,12,.200,.335,.300,0.635,.221,.376,.286,.310,.319,.156,.361,.407,.317,.353,-0.021,-0.041,-0.024,88.1,12.6,38.4,21,9.4,6.3,26.3,22.3,29.5,4,35.3,77.024300182,5.707629269,64.3,22.4,28.5,56.1,43.2,169,301,59.8,1055,69.1,5.3,305,909,549,1763,77.6,102,455,40.2,708,41.2,726,35.8,42.9,37.9,34.4,27.7,224,56.1,40.6,91,25.4,57,29.5,66,4.5,10,L,1763,51.6,95.3,2425,4.8,-11.3,19.8,1.4,14.4,88.6,2338,-2.5,-26.7,9,1.4,17.3,87.1,1832,12.7,-24.8,17.2,1.2,16.7,81.4,2366,-12.6,-51.6,16.1,1.5,,,,,,,,,,,,,,,,,,,,,,,,,,,,,51.6,95.3,2425,4.8,-11.3,19.8,1.4,31.1,84.7,2353,-7.9,-40.1,12.8,4.2,17.3,87.1,1832,12.7,-24.8,17.2,1.2,
Megill, Tylor,656731,2023,27,15,71.1,327,282,80,58,13,0,9,58,39,17.7,11.9,.284,.426,.377,0.803,.284,.476,.355,.373,.379,.192,.381,.407,.356,.357,.000,-0.050,-0.018,89.9,12.1,37.8,20,8.9,2.7,28.9,24,32.9,2.7,40,80.10053625,6.044361121,66.7,15.8,22.4,40.1,58.6,61,152,52.8,680,82.2,7,217,690,381,1288,83.7,64,406,47.2,609,41.7,537,22.4,43.3,32.4,41.3,26.2,225,54.4,44.4,100,28,63,23.1,52,4.4,10,R,1288,53.6,94.5,2202,-8,-15.7,17.2,1.3,21.4,83.6,2232,4.2,-41.3,5.8,1.7,16.8,88.5,1637,-14.8,-28.6,16.3,1.6,8.2,77,2345,9.1,-60.4,16.7,1.6,,,,,,,,,,,,,,,,,,,,,,,,,,,,,53.6,94.5,2202,-8,-15.7,17.2,1.3,29.6,81.8,2263,5.6,-46.6,8.8,3.6,16.8,88.5,1637,-14.8,-28.6,16.3,1.6,
Waldichuk, Ken,686610,2023,25,21,72.0,345,291,90,52,22,1,15,68,44,19.7,12.8,.309,.546,.404,0.950,.251,.444,.405,.353,.357,.193,.464,.385,.396,.326,.058,.102,.052,88.8,13.4,34.8,17,7.5,8.4,24.2,25.6,31.3,3.1,41.4,77.763873421,6.077811189,67.7,15,27.6,44.3,55.7,86,194,51.9,703,81.4,7.2,221,729,31,1354,84.6,66,441,48.1,651,42.5,576,23.9,46.9,35.2,40.1,24.7,227,57,41.9,95,26.9,61,22.5,51,8.8,20,L,1354,53.8,93.2,2286,10.5,-16.7,18.4,1.7,,,,,,,,16.3,84,1607,16.1,-33.8,17,1.3,2.3,74.3,2047,-14.6,-59.4,17.6,1.8,,,,,,,,,,,,,,,,,,,,,,,,,,,,,53.8,93.2,2286,10.5,-16.7,18.4,1.7,29.8,80.4,2094,-13.9,-43.4,14.6,2.5,16.3,84,1607,16.1,-33.8,17,1.3,
Henry, Tommy,674072,2023,25,14,74.1,312,281,69,44,11,2,12,51,29,16.3,9.3,.246,.427,.321,0.748,.237,.400,.325,.313,.313,.163,.348,.332,.300,.290,.009,.027,.012,87,16.2,30.9,17,7.4,3.9,20.9,34.3,29.6,3.9,30.9,76.120821842,4.896073333,66.4,16.4,32.2,34.9,65.1,66,189,52,587,72.7,6.8,229,546,353,1128,82.7,59,359,48,541,43.3,488,22.8,48.6,36.1,36.1,27.8,230,59.3,37.8,87,29.6,68,23,53,9.6,22,L,1128,48.4,90.7,2130,6.3,-18.6,16.1,1.1,12.2,83.2,2114,-5.5,-33.5,9.5,1.2,20.3,83.9,1477,13.9,-37,14.2,1.1,19.1,79,2296,-9.2,-53.4,13.5,1.3,,,,,,,,,,,,,,,,,,,,,,,,,,,,,48.4,90.7,2130,6.3,-18.6,16.1,1.1,31.3,80.7,2225,-7.8,-45.6,11.9,2.5,20.3,83.9,1477,13.9,-37,14.2,1.1,
Wentz, Joey,666214,2023,25,16,71.2,330,298,86,53,15,2,16,66,31,20,9.4,.289,.513,.355,0.868,.280,.503,.372,.367,.347,.223,.434,.427,.369,.359,.009,.010,.005,90.6,16.5,36.5,26,11.2,6,25.3,27.5,27.5,2.6,44.2,79.9408025,6.882556078,70.7,15.1,24,49.3,50.7,75,152,48.8,633,82.4,7.9,206,894,196,1296,84.2,71,469,51.2,663,44.1,572,23.5,47.9,39.9,38.2,21.9,233,60.6,37.8,88,29.6,69,24.9,58,7.7,18,L,1296,43.6,93.6,2242,12.1,-15.8,19.9,1.1,,,,,,,,15.9,85.5,2140,16.2,-25.8,20.1,1.5,15.1,77.7,2472,-8.6,-57.5,14.9,1.4,,,,,,,,25.4,86,2385,-1.8,-31.1,6.5,1.7,,,,,,,,,,,,,,,69,90.8,2295,7,-21.4,14.9,4.3,15.1,77.7,2472,-8.6,-57.5,14.9,1.4,15.9,85.5,2140,16.2,-25.8,20.1,1.5,
Darvish, Yu,506433,2023,36,15,85.0,355,318,80,50,17,2,11,89,27,25.1,7.6,.252,.421,.315,0.736,.233,.372,.319,.300,.303,.139,.388,.359,.342,.323,.019,.049,.019,89.2,12.2,30.8,16,6.8,6,26.9,24.4,31.6,3.8,38.9,78.484536034,6.25792671,63.4,17.5,27.2,47.6,52.4,90,189,49.2,696,67.8,8.6,122,626,374,1415,82.2,80,456,50.8,719,41.9,593,26.4,45.6,36.3,38.9,24.8,234,58,44.4,104,23.1,54,26.1,61,6.4,15,R,1415,16.7,94.7,2419,-6.5,-13.3,18.7,1.3,16.9,85.3,2826,5.4,-39.9,6.6,1.9,0.1,82.3,1198,-11.1,-31.5,15,1.6,9.5,75.7,2710,10.9,-63.5,18.4,3.9,16.6,94.3,2286,-14.7,-20.5,18.2,1.4,10.9,91,2608,2,-23.8,9.7,1.3,8.5,89.5,1432,-7.3,-29.4,9.5,1.5,,,,,,,,44.2,93.6,2415,-7.5,-18.6,16.3,2.2,47.1,82,2775,11.7,-45.1,13.8,4.7,8.6,89.4,1430,-7.3,-29.4,9.6,1.8,
Heaney, Andrew,571760,2023,32,17,86.0,372,327,79,44,16,2,17,93,36,25,9.7,.242,.459,.328,0.787,.250,.450,.340,.343,.336,.200,.409,.413,.335,.347,-0.008,.009,-0.003,90.6,16.9,34.7,28,11.9,5.1,22.5,29.2,29.2,2.1,38.6,81.150667949,6.33690094,69,19.3,29.6,42.5,56.7,102,240,53.1,811,74.5,6.9,280,902,344,1526,80.3,95,493,46.9,715,43.5,664,26.9,48,45.3,30.1,24.6,236,65.9,38.1,90,30.5,72,24.2,57,7.2,17,L,1526,59.1,92.4,2411,15.7,-18.2,21.2,1.3,22.5,82.1,2519,-5.1,-40.5,6.2,1.5,18.3,84,2121,17.8,-32.9,18.9,1.2,0.1,74.4,2394,-9.9,-53.6,10.9,,,,,,,,,,,,,,,,,,,,,,,,,,,,,,59.1,92.4,2411,15.7,-18.2,21.2,1.3,22.5,82.1,2519,-5.2,-40.5,6.3,1.6,18.3,84,2121,17.8,-32.9,18.9,1.2,
Seabold, Connor,657756,2023,27,19,70.1,321,286,84,47,19,2,16,53,22,16.5,6.9,.294,.542,.354,0.896,.262,.467,.379,.342,.327,.205,.425,.375,.354,.318,.032,.075,.037,89.5,16.5,38.9,24,10,8.4,19.7,33.1,23,5.9,41,78.735724576,6.363663093,71.8,14.5,22.1,40.9,59.1,52,127,46.8,575,83.9,9.6,160,672,396,1228,85.5,68,469,53.2,653,42.3,520,20.1,48.5,37.7,35.1,27.2,239,60.6,33.5,80,33.9,81,25.9,62,6.7,16,R,1228,54.7,92.5,2093,-9.2,-18.2,16.5,1.2,30.7,85.2,2403,2.4,-34.1,4.5,1.4,13,80.7,1867,-13.2,-38.9,13.8,1.5,1.5,78.8,2629,5.1,-51.8,9.4,1.5,,,,,,,,,,,,,,,,,,,,,,,,,,,,,54.7,92.5,2093,-9.2,-18.2,16.5,1.2,32.2,84.9,2414,2.6,-35,4.7,2,13,80.7,1867,-13.2,-38.9,13.8,1.5,
Scherzer, Max,453286,2023,38,16,87.2,366,338,85,54,13,0,18,101,23,27.6,6.3,.251,.450,.303,0.753,.219,.409,.324,.298,.275,.190,.420,.380,.356,.312,.032,.041,.026,89.3,20.8,33.1,25,10.5,8.4,19.7,33.5,23.8,4.2,39.3,78.878848571,6.040134768,72,22.1,30.1,45.3,54.7,96,212,48.3,704,83.1,8.1,203,816,438,1457,77.5,120,542,51.7,753,43.6,635,28.6,51.8,40.2,34.3,25.5,239,69.9,32.6,78,33.5,80,23.4,56,10.5,25,R,1457,46.4,93.6,2386,-11.2,-15.7,19.4,1.2,18.3,83.7,2328,3.4,-37.6,4.3,1.2,13.9,83.6,1388,-14.6,-36.2,15.1,1.1,11.7,75.2,2746,15.1,-58.5,18,1.3,,,,,,,,9.6,88.4,2424,1,-27.3,8,1.3,,,,,,,,,,,,,,,56,92.7,2392,-9.1,-17.7,17.4,2.5,30.1,80.4,2491,8,-45.8,9.7,4.7,13.9,83.6,1388,-14.6,-36.2,15.1,1.1,
Bradish, Kyle,680694,2023,26,16,84.0,345,316,76,53,15,0,8,79,23,22.9,6.7,.241,.364,.299,0.663,.260,.430,.292,.326,.318,.170,.342,.392,.318,.346,-0.019,-0.066,-0.034,90.6,7.7,36.4,20,8.4,5.4,25.5,21.3,37.7,1.3,44.4,80.417315882,6.755616513,65.3,12.6,26.8,52.4,46.5,98,187,50.5,697,71.1,8.3,107,617,655,1379,86.8,56,446,49.5,683,42.8,591,24.3,45.9,29.7,40.6,29.7,239,56.8,45.2,108,22.2,53,29.7,71,2.9,7,R,1379,27.3,94.3,2372,2.5,-17.6,13.5,1.3,29.8,87.8,2631,12.8,-35.7,13.1,1.3,7.8,90.5,1364,-12.1,-25.5,14.5,1.6,17.7,84.6,2604,6.1,-51.2,14.4,1.5,17.5,94.7,2161,-10.9,-18.6,16.4,1.2,,,,,,,,,,,,,,,,,,,,,,44.7,94.4,2289,-2.7,-18,14.6,1.3,47.5,86.6,2621,10.3,-41.5,13.6,2.2,7.8,90.5,1364,-12.1,-25.5,14.5,1.6,
Gore, MacKenzie,669022,2023,24,18,89.2,388,343,92,62,14,2,14,108,39,27.8,10.1,.268,.443,.341,0.784,.266,.454,.340,.346,.341,.188,.434,.445,.385,.385,.002,-0.011,-0.006,90.6,12.8,38.3,27,11.3,8.8,27.9,19.2,28.7,3.8,47.1,79.596072288,7.369244638,69,19.2,29.1,51.6,48.4,128,248,52,852,82.8,7.8,18,982,639,1639,80.8,104,543,48,787,43.1,706,29.3,48.3,39.6,37.5,22.9,240,60.3,40.8,98,23.8,57,30,72,5.4,13,L,1639,59.9,95.2,2293,4.2,-12.6,18.2,1.3,18.6,88.5,1982,-2.6,-29.4,6.2,1.4,1.1,87.8,2097,14.5,-22.9,19.3,1.5,20.4,83.4,2319,1.1,-45.8,7.3,1.6,,,,,,,,,,,,,,,,,,,,,,,,,,,,,59.9,95.2,2293,4.2,-12.6,18.2,1.3,39,85.9,2158,-0.7,-38,6.8,3.2,1.1,87.8,2097,14.5,-22.9,19.3,1.5,
Bello, Brayan,678394,2023,24,14,80.0,336,306,73,48,16,1,8,70,22,20.8,6.5,.239,.376,.293,0.669,.243,.411,.292,.312,.300,.168,.334,.362,.304,.315,-0.004,-0.035,-0.020,89.3,6.1,27.8,18,7.5,5.4,21.2,20.7,43.2,1.7,42.3,77.95474375,6.616089289,68.6,17.4,29.1,43.1,56.9,88,204,52.4,700,84.8,7.9,296,794,247,1337,82.4,76,437,47.6,637,43,575,25.6,47.9,45.6,36.5,17.8,241,63.7,56,135,21.6,52,17.8,43,4.6,11,R,1337,22.8,95.6,2096,-10,-16.8,16.7,1,18.5,85,2347,2,-43.8,6.9,1.5,22.1,86.6,1797,-16.9,-33.8,17.2,1.5,,,,,,,,35.2,95,1984,-18.1,-27.9,18.3,1.2,1.4,88.7,2178,-1.9,-31,4.8,1.3,,,,,,,,,,,,,,,59.4,95.1,2032,-14.6,-23.7,17.4,1.6,18.5,85,2347,2,-43.8,6.9,1.5,22.1,86.6,1797,-16.9,-33.8,17.2,1.5,
Quantrill, Cal,615698,2023,28,13,67.0,307,276,83,59,14,2,8,38,22,12.4,7.2,.301,.453,.358,0.811,.299,.493,.352,.372,.362,.194,.368,.393,.343,.348,.002,-0.040,-0.020,88.6,12.9,37.2,19,7.9,6.6,25.6,24,31.8,3.7,37.6,77.43963275,6.015640042,71.2,13.4,26.2,26.4,73,43,163,53.2,621,86.3,6.9,193,866,107,1166,86.6,52,389,46.8,546,41.3,482,17.2,47.3,40.9,34.7,24.4,242,61.6,40.1,97,24.8,60,28.9,70,6.2,15,R,1166,1.1,94,2186,-6.8,-13.9,18.4,1.3,,,,,,,,10.8,86.1,1537,-13.1,-29.3,15.5,1.6,9.2,82.2,2417,3.1,-43,4.7,2.1,45.5,93.7,2150,-12.5,-15.9,20,1,27.7,88.2,2249,2.8,-28,7.9,1.5,5.7,86.9,1050,-10.6,-31,12.7,1.4,,,,,,,,74.3,91.6,2187,-6.7,-20.4,15.5,3.2,9.2,82.2,2417,3.1,-43,4.7,2.1,16.6,86.3,1368,-12.2,-29.9,14.6,1.6,
Rea, Colin,607067,2023,32,16,80.1,338,303,72,43,13,3,13,67,26,19.8,7.7,.238,.429,.301,0.730,.245,.411,.314,.316,.309,.166,.355,.359,.300,.312,-0.007,.018,-0.002,90.2,12.7,30.6,16,6.6,6.6,23.6,26,33.5,3.3,42.6,79.30498437,6.89579416,66.4,16.4,24.2,40.3,59.7,62,154,49,636,78.6,7.9,92,960,122,1297,83.6,72,439,51,661,44.9,582,22.6,45.7,44.2,36.4,19.4,242,63.6,46.7,113,25.2,61,19.8,48,8.3,20,R,1297,21,93.2,2147,-7.2,-16.6,16.7,1.2,,,,,,,,,,,,,,,9.4,78.8,2218,9.1,-55.5,14.6,1.5,27.9,92.5,2136,-15.3,-22.3,18.3,1.3,25.1,86.5,2185,3.2,-30.8,6.9,1.4,7.1,85.9,1509,-14.6,-30.9,16,1.4,,,,,,,,74,90.7,2156,-6.7,-23.6,13.9,3.6,18.9,80.9,2227,9.9,-47.3,12.8,2.6,7.1,85.9,1509,-14.6,-30.9,16,1.4,
Kelly, Merrill,518876,2023,34,16,95.0,381,338,71,43,15,3,10,98,37,25.7,9.7,.210,.361,.292,0.653,.247,.400,.289,.322,.326,.154,.338,.390,.293,.347,-0.037,-0.039,-0.033,89.6,9.3,37.9,21,8.6,8.2,22.2,21.4,35.8,3.7,40.3,78.246777603,6.684561909,67,18.7,33.3,42.8,56.5,118,276,55.3,830,75.9,5.8,350,875,273,1498,80.2,84,449,44.7,670,45.7,686,27.9,48.4,39.9,38.3,21.8,243,58.8,46.1,112,24.3,59,24.7,60,4.9,12,R,1498,28.7,92.5,2359,-7.3,-17.1,16.6,1.4,5,86.1,2340,1.1,-33.6,4,1.4,23.4,88.9,2146,-16,-33.2,16.2,1.3,13.2,82.4,2598,9.2,-50.9,14.2,1.5,13.8,92.4,2227,-15.6,-25.9,17.1,1.6,16,91.3,2371,-1.6,-19.6,13.2,1.4,,,,,,,,,,,,,,,58.4,92.2,2331,-7.7,-19.8,15.8,1.5,18.2,83.4,2527,7,-46.2,11.4,2.3,23.4,88.9,2146,-16,-33.2,16.2,1.3,
Wacha, Michael,608379,2023,31,15,85.2,343,316,67,36,22,1,8,73,25,21.3,7.3,.212,.364,.274,0.638,.245,.420,.280,.317,.305,.175,.317,.370,.276,.319,-0.033,-0.056,-0.037,87.8,18.8,38.3,18,7.4,9.1,22.2,32.9,25.9,2.1,33.7,77.439480992,5.110039669,66,16.1,29.4,42.1,56.4,85,202,49.6,687,73,7.2,444,785,154,1383,83.9,74,461,50.4,698,45.1,625,24,47.9,46.1,34.6,19.3,243,62.4,33.7,82,32.5,79,24.3,59,9.5,23,R,1383,30.6,91.6,2040,-7.2,-14,20.2,1.6,,,,,,,,32.1,81.4,1544,-13.9,-30.7,18.2,1.5,11.1,73.9,2157,12.5,-62.5,17.2,1.6,12.3,91.2,1882,-14.1,-17.9,20.8,1.3,13.9,86.7,2033,0.8,-25.2,11.3,1.6,,,,,,,,,,,,,,,56.8,90.3,2004,-6.8,-17.6,18.2,2.8,11.1,73.9,2157,12.5,-62.5,17.2,1.6,32.1,81.4,1544,-13.9,-30.7,18.2,1.5,
Peralta, Freddy,642547,2023,27,17,92.0,396,351,82,42,24,0,16,107,38,27,9.6,.234,.439,.317,0.756,.228,.395,.329,.312,.312,.167,.408,.381,.336,.328,.006,.044,.017,88,15.4,33.9,23,9.4,7.3,19.2,28.6,29.8,5.7,38.4,76.281386612,5.883218595,69.2,23.2,26.5,52,48,117,225,52.2,850,71.8,7.2,189,871,568,1628,76.6,125,538,47.8,778,42.8,697,31.7,46.9,43.3,30.2,26.5,245,59.3,39.6,97,29.8,73,21.6,53,9,22,R,1628,53.5,94.5,2407,-7.6,-15.2,17.5,1.8,21.6,82.1,2362,9.2,-36.5,11.2,1.5,11.6,89,1669,-14,-29.9,15,1.3,13.3,76.3,2154,4.5,-53.3,7.8,2,,,,,,,,,,,,,,,,,,,,,,,,,,,,,53.5,94.5,2407,-7.6,-15.2,17.5,1.8,34.9,79.9,2283,7.4,-42.9,9.9,3.5,11.6,89,1669,-14,-29.9,15,1.3,
Brown, Hunter,686613,2023,24,17,94.0,395,357,92,64,19,0,9,111,33,28.1,8.4,.258,.387,.327,0.714,.240,.367,.315,.304,.312,.127,.399,.382,.372,.350,.018,.020,.011,90.5,4.4,30.4,19,7.7,4.9,26.3,13.4,44.9,2.8,45.3,79.86180935,6.953998943,65.1,15.5,28.2,48.9,51.1,111,227,49.5,804,76.3,8.3,55,707,862,1624,84.5,83,534,50.5,820,41.7,677,25.5,46.9,28.7,42.1,29.1,247,58.7,54.7,135,16.6,41,23.9,59,4.9,12,R,1624,43.5,96,2246,-6.3,-12.6,18.5,1.4,26.3,91.9,2145,3.1,-26.6,7.1,1.6,,,,,,,,26.8,83.2,2486,5.3,-54.6,15.8,1.6,,,,,,,,,,,,,,,3.4,88.4,1456,-14.9,-27.9,16.8,1.5,,,,,,,,43.5,96,2246,-6.3,-12.6,18.5,1.4,53.1,87.5,2317,4.2,-40.7,11.5,5.1,3.4,88.4,1456,-14.9,-27.9,16.8,1.5,
Kershaw, Clayton,477132,2023,35,16,95.1,379,352,76,51,13,0,12,105,24,27.7,6.3,.216,.355,.269,0.624,.229,.386,.274,.292,.282,.157,.345,.373,.306,.326,-0.013,-0.031,-0.018,88.4,12.3,35.9,19,7.7,4.8,24.2,24.6,34.3,4.4,36.7,77.022854634,5.905330366,70.4,18.9,32.5,50.6,49.4,121,239,49.8,736,72.6,7.2,8,551,917,1477,81.1,99,523,50.2,743,42.6,630,28.9,51.6,44.4,28.6,27,248,68.3,47.6,118,22.2,55,22.2,55,8.1,20,L,1476,37.3,91.2,2344,-0.5,-14.6,18.4,1,44.2,86.9,2493,-5.8,-29.8,9.2,1.2,0.5,86.4,1798,11.4,-20.4,20,1.4,17.9,73.6,2300,-3.9,-66.7,16.3,1.1,0.1,90.4,2341,7.5,-15.2,19.9,,,,,,,,,,,,,,,,,,,,,,,37.3,91.2,2344,-0.5,-14.6,18.4,1,62.1,83.1,2437,-5.2,-40.4,11.2,6.8,0.5,86.4,1798,11.4,-20.4,20,1.4,
German, Domingo,593334,2023,30,17,91.2,374,338,70,38,15,1,16,92,28,24.6,7.5,.207,.399,.275,0.674,.241,.418,.293,.319,.310,.177,.346,.387,.281,.333,-0.034,-0.019,-0.026,87.9,16.2,35.7,22,8.8,4.4,27.7,28.1,25.7,5.2,40.6,76.046757581,6.061066331,68,20.1,33.7,45.2,54,108,239,51.3,710,76.2,7.6,289,526,569,1384,79.7,92,458,48.7,674,41.3,572,28.7,50.4,45.8,38.6,15.7,249,64.4,38.6,96,28.1,70,23.7,59,9.6,24,R,1384,27.7,92.3,2515,-10.2,-16,19.3,1.2,,,,,,,,20.9,85.8,2402,-17.4,-27.9,19.9,1.4,41.1,82.8,2670,0.7,-38,2.3,1.6,10.3,92.5,2416,-17.2,-24,19,1.2,,,,,,,,,,,,,,,,,,,,,,38,92.4,2488,-12.1,-18.2,19.2,1.2,41.1,82.8,2670,0.7,-38,2.3,1.6,20.9,85.8,2402,-17.4,-27.9,19.9,1.4,
McClanahan, Shane,663556,2023,26,17,96.0,389,351,74,45,16,2,11,101,38,26,9.8,.211,.362,.288,0.650,.236,.394,.287,.311,.311,.158,.341,.378,.296,.332,-0.025,-0.032,-0.024,89.3,11,34.4,25,10,5.2,22.4,24.4,35.2,2.8,40,78.145075887,6.439376694,67.9,24.3,32.4,53.7,45.5,124,231,47.5,712,69.3,8.5,367,636,495,1498,75.7,130,534,52.5,786,43.5,652,33.2,51.1,33.2,40.8,26,250,63.8,44,110,27.2,68,22.8,57,6,15,L,1498,42.5,96.6,2242,9.9,-11.8,20.4,1.6,15.4,88.8,2274,-2.9,-31.1,5.1,1.8,24.5,86.7,1606,16.3,-29.9,17.9,1.5,17.6,83.3,2527,-4,-47.9,9.7,1.5,,,,,,,,,,,,,,,,,,,,,,,,,,,,,42.5,96.6,2242,9.9,-11.8,20.4,1.6,33,85.9,2409,-3.5,-40,7.5,3.4,24.5,86.7,1606,16.3,-29.9,17.9,1.5,
Weaver, Luke,596133,2023,29,15,73.1,335,308,96,52,24,3,17,58,23,17.3,6.9,.312,.575,.361,0.936,.287,.505,.396,.362,.339,.218,.457,.412,.381,.351,.025,.070,.034,89.8,15.7,38.9,27,10.7,7.9,27,25,25.8,3.2,42.9,79.00047336,6.6824782,69,14.8,24.8,33.1,66.9,52,157,48,634,83.2,7.7,307,821,191,1319,84.6,70,473,52,686,45.1,595,19.4,47.8,34.9,38.5,26.6,252,64.5,37.3,94,28.6,72,27,68,7.1,18,R,1319,44.6,93.7,2400,-7.8,-15,18.2,1.1,,,,,,,,23.3,85.7,1685,-13.5,-29,16.2,1.3,14.5,81.6,2209,1.9,-47.4,7,1.4,0.1,91.8,2318,-15.2,-19.2,20.1,,17.6,86.5,2282,3.1,-29.8,7.7,1.3,,,,,,,,,,,,,,,62.2,91.7,2366,-4.7,-19.2,15.2,3.8,14.5,81.6,2209,1.9,-47.4,7,1.4,23.3,85.7,1685,-13.5,-29,16.2,1.3,